,features
0,rs819980
1,rs6540996
2,rs221024
3,rs1052878
4,rs1635498
5,rs1045910
6,rs2291853
7,rs1405330
8,rs2285354
9,rs2071680
10,rs11099273
11,rs10064079
12,rs26503
13,rs226959
14,rs3828916
15,rs3135391
16,rs1049055
17,rs6963175
18,rs2293144
19,rs1051623
20,rs7461245
21,rs2228332
22,rs2146777
23,rs2808536
24,rs8483
25,rs6584066
26,rs12805578
27,rs11229137
28,rs4937132
29,rs2682493
30,rs1669906
31,rs1866422
32,rs34280326
33,rs2297555
34,rs976272
35,rs1749699
36,rs4778750
37,rs8044833
38,rs1641055
39,rs508706
40,rs62126094
41,rs16051
42,rs2273958
43,rs1018493
44,rs7509092
45,rs2427281
46,rs2076371
