,0
rs1993709,-0.26686568779237074
rs4322186,-0.2669202811202597
rs12021920,0.0539665910276722
rs984222,-0.6422944553846677
rs543874,0.1462065833305355
rs10913469,0.42236720994870586
rs2605100,-0.22283950645085243
rs28370041,-0.5008908459239559
rs939582,-0.03548867402961029
rs2867124,-0.03548867402961029
rs6548238,-0.03548867402961029
rs6745262,-0.44802277864584017
rs4854343,-0.03548867402961029
rs4854344,-0.03548867402961029
rs4854345,-0.03548867402961029
rs117879374,-0.08434852113809502
chr2_24935057_C_T,-0.09461443506808276
rs887913,0.14247135233457486
rs187205547,0.07105276347379015
rs140440965,-0.5429107031585664
rs6795735,0.39435783249828915
rs186470486,-0.17221393418048037
rs13078807,-0.04094340968590278
rs9816226,0.7660715752348457
rs10938397,-0.12296846168044508
rs34749134,-1.4761266909691397
rs1800592,-0.5390860036047106
rs2112347,-0.09534455293444218
rs1042713,0.13622237466109333
rs6861681,0.4659409982656406
rs206936,-0.7743153440260724
rs6905288,0.545085635139666
rs987237,0.11545956316348698
rs3814478,-0.3972584495302656
rs13278851,0.1460805809963763
rs516175,0.07969168995649765
rs76951015,0.24563102478765783
rs4994,-0.6648399759031953
rs4735692,-0.7695086011326402
rs187224014,-0.41118604473100945
rs10508504,0.4180041801639317
rs151269914,0.05576671760170937
rs7081678,0.6259342431857666
rs88032,-0.3325279755034558
rs4929949,-0.07649309865388486
rs7120548,-0.6362451370069635
rs660339,-1.1951326587381352
rs7138803,-0.5419980856586755
rs11109072,-0.35807159710382463
rs1957893,-0.12752980735346067
rs79090609,0.13896177108218605
rs1957894,-0.12752980735346067
rs78628000,-0.3972584495302656
rs2531995,-0.04712952825185735
rs10163244,-0.12673920088325935
rs11860225,-0.020375467227080807
rs147340331,-0.1995000314255103
rs10500331,-0.11492624513339161
rs11643187,-0.020375467227080807
rs1946127,-0.0020634986662508245
rs79774828,-0.5296594673068262
rs8049439,-0.19260551293077804
rs142922470,0.44904469425731885
rs117430099,-0.3240203371284691
rs117696251,-0.3240203371284691
rs1421085,0.1276005257933254
rs1558902,0.1276005257933254
rs193231717,0.22694896931133607
rs141115189,0.5717701407828293
rs7190492,0.24416700297111607
rs8044769,0.3749062725819045
rs74884695,0.402303095047462
rs1424234,0.0102336893254737
rs1424233,0.0102336893254737
rs2317124,0.23759970879506637
rs9890502,-0.4443217339245403
rs1805081,-0.32958023175033174
rs73447671,0.32138443280282625
rs79912123,0.32138443280282625
rs476828,0.01415401622424252
rs12970134,0.14091161321391382
rs146856830,0.36550677848551194
rs75223771,0.32138443280282625
rs29941,-0.3782074319129274
rs442398,0.3134417640346872
rs435942,0.3528141753303564
rs11084753,0.016270478876292082
rs13041126,-0.011898770134128678
SEX,-0.1545639239540017
