sample,rs11208659,rs3101337,rs3101336,rs9425089,rs2568958,rs2815752,rs10789336,rs4322186,rs1514176,rs1514175,rs12410097,rs1555543,rs12021920,rs984222,rs1011731,rs543874,rs10913469,rs2605100,rs939582,rs2867124,rs6548238,rs6745262,rs4854343,rs4854344,rs4854345,rs7561317,rs713586,rs887913,rs17049906,rs2943650,rs4684846,rs1822825,rs6795735,rs7647305,rs9816226,rs10938397,rs7687015,rs1800592,rs2112347,rs6861681,rs1294421,rs206936,rs6905288,rs987237,rs2800710,rs9491696,rs1055144,rs17150703,rs13278851,rs13252210,rs516175,rs545854,rs4994,rs4735692,rs58104805,rs10968576,rs10508504,rs4929949,rs4074134,rs4923461,rs925946,rs10501087,rs6265,rs10767664,rs3817334,rs7120548,rs10838738,rs564343,rs660339,rs5443,rs718314,rs1948149,rs7138803,rs1443512,rs4759309,rs11109072,rs7316835,rs2074356,rs17089410,rs7989336,rs1957893,rs79090609,rs1957894,rs2241423,rs2531995,rs10163244,rs11860225,rs4786083,rs10500331,rs8052357,rs11643187,rs11646906,rs12924838,rs1946127,rs11077019,rs8049439,rs4788102,rs7498665,rs7359397,rs6499640,rs9939973,rs9940128,rs1421085,rs1558902,rs1121980,rs72803680,rs7193144,rs8050136,rs8051591,rs9935401,rs3751812,rs9926289,rs9939609,rs7190492,rs9930501,rs9930506,rs9932754,rs8044769,rs1424233,rs9890502,rs7503807,rs1805081,rs571480,rs571312,rs17782313,rs476828,rs12970134,rs477181,rs502933,rs4450508,rs29941,rs442398,rs11084753,rs13041126,rs4823006,Sex
SRR6996678,0,1,1,1,1,1,1,1,1,1,0,0,1,1,0,0,0,0,0,0,0,1,0,0,0,0,0,1,1,0,0,2,1,0,0,2,0,2,0,0,0,1,0,0,2,2,1,0,0,1,0,0,0,2,0,0,0,1,1,1,0,1,1,1,1,1,1,0,0,1,0,0,0,1,1,0,0,1,0,0,0,0,0,1,1,0,0,2,0,0,0,1,0,1,1,0,0,0,0,0,0,0,0,0,0,0,0,0,0,0,0,0,0,1,0,0,0,1,1,0,1,2,0,0,0,0,0,0,0,0,0,0,0,0,1,2
SRR6996680,0,0,0,0,0,0,0,0,0,0,1,0,0,2,0,0,0,1,0,0,0,1,0,0,0,0,2,1,0,0,0,0,0,0,0,0,0,1,0,0,0,1,2,0,1,1,2,0,0,0,0,0,1,0,0,0,0,1,1,1,0,1,1,1,1,0,1,1,0,1,0,0,0,0,0,0,2,2,0,1,1,0,1,0,0,1,0,1,1,1,0,0,2,0,0,0,0,0,0,1,0,0,0,0,0,2,0,0,0,0,0,0,0,0,1,1,1,0,0,0,0,1,0,0,0,1,0,1,1,0,1,0,2,1,1,2
SRR6996672,0,0,0,0,0,0,0,0,1,1,2,0,1,0,0,0,0,0,0,0,0,0,0,0,0,0,1,2,0,0,1,1,0,0,0,1,1,1,1,0,2,1,1,1,0,0,0,0,0,1,0,1,0,1,0,0,1,1,0,0,0,2,2,2,0,1,0,1,1,0,2,0,0,0,0,1,0,0,0,1,2,1,2,2,0,1,0,1,0,1,0,0,0,1,1,0,0,0,0,1,1,1,1,1,1,0,1,1,1,1,1,1,1,1,1,1,1,1,1,1,0,1,1,1,1,1,1,1,1,1,0,0,0,1,1,1
SRR6996718,0,1,1,1,1,1,1,1,0,0,1,0,1,2,0,0,1,0,0,0,0,0,0,0,0,0,0,1,0,0,2,0,0,0,0,1,2,0,1,0,1,1,0,0,1,1,0,0,0,0,0,1,0,2,0,0,0,1,0,0,0,0,0,0,0,0,0,1,0,0,0,0,0,0,0,0,0,1,0,0,1,1,1,0,0,0,0,2,0,0,0,0,2,1,1,1,0,0,0,1,1,1,1,1,1,0,1,1,1,1,1,1,1,0,1,1,1,0,1,1,0,1,0,0,0,0,0,0,0,0,2,2,2,0,2,1
SRR6996766,0,0,0,0,0,0,0,0,0,0,1,0,0,1,0,0,1,1,0,0,0,1,0,0,0,0,1,0,1,0,2,0,1,0,0,0,1,1,2,0,0,1,0,1,0,0,0,0,0,1,0,1,0,1,0,1,0,1,2,2,0,0,0,0,0,1,0,0,0,0,2,0,0,0,0,0,2,1,0,1,1,0,1,0,1,0,0,2,0,0,0,0,0,0,0,1,0,0,0,0,0,0,0,0,0,0,0,0,0,0,0,0,0,0,0,0,0,1,0,1,0,0,1,1,1,1,0,0,1,1,1,1,2,0,2,2
SRR6996727,0,0,0,0,0,0,0,0,1,1,0,1,1,2,1,0,0,0,0,0,0,2,0,0,0,0,1,0,1,0,2,0,1,0,0,1,1,1,0,0,0,0,0,0,0,1,1,0,0,0,0,1,0,0,0,0,0,1,2,2,0,0,0,0,0,1,0,1,0,0,0,0,0,0,0,0,1,0,0,2,2,0,2,1,0,0,1,1,0,1,1,0,1,0,1,1,1,1,1,1,1,1,1,1,1,0,1,1,1,1,1,1,1,1,1,1,1,1,2,0,1,1,0,0,0,0,0,0,0,0,0,0,0,0,1,2
SRR6996767,0,0,0,0,0,0,0,0,0,0,1,0,0,1,0,0,0,1,0,0,0,1,0,0,0,0,0,0,0,0,0,1,1,0,0,1,1,1,0,0,0,0,0,0,1,1,0,0,0,1,1,0,0,1,0,2,0,1,0,0,0,2,2,2,0,1,0,1,1,0,0,0,0,0,0,0,1,0,1,2,1,0,1,1,1,0,0,2,0,0,0,0,0,0,1,1,0,0,0,0,1,1,1,1,0,2,0,0,0,0,0,0,0,0,0,0,0,0,1,0,0,1,0,0,0,0,1,1,1,1,1,1,1,1,2,2
SRR6996707,0,1,1,1,1,1,1,1,2,2,2,0,0,1,0,1,1,1,0,0,0,1,0,0,0,0,2,0,0,0,1,1,0,0,0,1,1,1,1,1,0,1,0,0,1,1,0,0,0,0,0,2,0,0,0,0,0,2,0,0,0,2,2,2,1,1,1,1,1,0,0,0,1,0,0,1,1,0,0,2,0,0,0,1,0,1,0,1,1,1,0,0,1,1,1,1,0,0,0,1,0,0,0,0,0,0,0,0,0,0,0,0,0,0,0,0,0,2,1,0,0,0,1,1,1,1,2,2,2,2,0,0,0,0,1,1
SRR6996743,0,0,0,0,0,0,0,0,0,0,1,0,0,1,1,0,1,2,0,0,0,0,0,0,0,0,2,1,0,2,1,0,0,2,1,0,1,1,1,0,0,1,2,1,1,1,1,0,0,0,0,2,0,1,1,0,0,1,1,1,0,1,1,1,2,0,2,1,0,0,0,0,0,0,0,0,0,0,0,1,0,0,0,0,1,0,0,2,0,0,0,0,0,1,0,0,0,0,0,0,0,0,0,0,0,1,0,0,0,0,0,0,0,0,0,0,0,1,0,0,0,0,1,1,1,1,1,1,1,1,0,0,0,0,1,1
SRR6996751,0,0,0,0,0,0,0,0,1,1,2,0,0,1,1,0,0,0,0,0,0,0,0,0,0,0,1,2,0,0,2,0,0,0,0,2,0,2,1,0,0,1,0,0,1,2,1,0,0,0,0,0,1,1,0,0,0,1,1,1,0,1,2,2,1,0,1,1,2,1,0,0,1,0,0,0,0,0,0,2,1,0,1,0,0,0,0,1,0,1,0,1,0,1,0,0,0,0,0,0,0,0,0,0,0,1,0,0,0,0,0,0,0,1,0,0,0,1,0,0,1,0,0,0,0,0,0,0,0,0,0,0,0,1,1,1
SRR6996757,2,1,1,1,1,1,1,1,1,1,1,0,0,0,0,2,1,0,0,0,0,1,0,0,0,0,2,1,1,0,1,0,0,0,0,2,0,0,2,0,1,2,1,0,1,2,0,0,0,0,0,2,1,0,0,0,0,1,2,2,0,0,1,1,0,2,0,1,0,2,0,0,0,0,0,1,0,0,1,2,0,0,0,0,1,2,0,0,1,2,0,0,1,1,0,0,0,0,0,0,0,0,0,0,0,1,0,0,0,0,0,0,0,1,0,0,0,1,0,0,0,1,1,0,0,0,0,0,0,0,0,0,1,0,0,2
SRR6996662,0,0,0,0,0,0,0,0,1,1,1,0,0,1,0,1,0,1,0,0,0,2,0,0,0,0,2,1,0,0,2,1,1,1,1,1,1,1,1,0,1,0,0,0,0,1,1,2,2,2,1,0,0,0,0,0,0,0,2,2,0,0,0,0,1,1,1,1,2,0,1,0,0,1,1,0,0,1,0,1,0,0,0,1,0,0,0,0,0,2,0,1,0,1,1,0,0,0,0,0,1,1,1,1,1,1,1,1,1,1,1,1,1,0,1,1,1,0,1,1,0,1,0,0,0,0,0,0,0,0,0,0,1,0,2,1
SRR6996755,0,0,0,0,0,0,0,0,0,0,1,0,0,0,0,0,0,1,0,0,0,1,0,0,0,0,2,1,0,0,1,0,1,0,0,0,0,1,0,0,0,1,0,1,1,1,0,0,0,1,1,0,0,0,1,0,0,0,1,1,0,1,1,1,1,0,1,0,1,0,1,0,1,0,0,0,2,0,0,1,0,0,0,2,2,2,0,0,2,2,0,0,0,2,0,1,1,1,1,0,0,0,0,0,0,2,0,0,0,0,0,0,0,0,0,0,0,0,0,2,0,0,1,1,1,1,2,2,2,2,0,0,0,1,2,2
SRR6996690,0,0,0,0,0,0,0,0,1,1,2,0,0,0,0,0,0,1,0,0,0,1,0,0,0,0,1,1,0,0,0,1,0,0,0,1,0,1,2,0,0,1,2,0,1,2,0,0,0,1,0,1,1,0,0,0,0,1,0,0,0,1,1,1,0,1,0,0,1,1,0,0,0,0,0,1,0,0,0,0,1,0,1,2,0,1,0,1,0,1,0,0,1,0,0,0,0,0,0,0,1,1,1,1,0,2,0,0,0,0,0,0,0,0,0,0,0,0,1,0,1,0,1,1,1,1,1,1,1,0,1,0,2,2,2,1
SRR6996702,0,0,0,0,0,0,0,0,1,1,1,0,1,0,0,1,1,1,0,0,0,0,0,0,0,0,0,0,0,0,1,1,0,1,0,1,0,1,1,0,0,1,0,1,1,1,0,1,1,1,1,1,0,1,0,1,0,1,0,0,0,2,2,2,0,1,0,0,2,2,0,0,0,1,1,1,1,1,0,1,0,0,0,1,0,1,0,1,0,1,0,0,0,0,1,0,0,0,0,0,0,0,0,0,0,1,0,0,0,0,0,0,0,0,0,0,0,0,0,1,1,0,0,0,0,0,0,0,0,0,0,0,0,1,1,1
SRR6996686,0,0,0,0,0,0,0,0,0,0,1,0,0,1,0,0,0,0,0,0,0,0,0,0,0,0,1,1,0,0,2,0,2,0,0,0,0,0,1,0,0,0,0,0,2,2,0,1,1,1,1,0,1,1,1,1,0,1,2,2,0,0,0,0,0,1,0,1,1,0,2,1,0,0,0,0,0,0,0,2,1,0,1,1,1,0,1,1,0,1,1,0,2,2,0,1,0,0,0,1,0,0,0,0,0,0,0,0,0,0,0,0,0,1,0,0,0,2,0,1,0,1,0,0,0,0,0,0,0,0,0,0,0,1,1,1
SRR6996726,0,0,0,0,0,0,0,0,1,1,1,0,0,1,0,0,0,1,0,0,0,1,0,0,0,0,0,1,0,0,1,1,1,0,0,0,0,1,0,0,1,0,0,0,0,0,1,0,0,0,0,0,0,1,1,0,0,1,1,1,0,1,1,1,0,2,0,2,0,1,0,0,1,0,0,0,0,0,0,2,0,0,0,1,0,0,0,1,0,1,0,1,0,1,0,0,0,0,0,0,0,0,0,0,0,2,0,0,0,0,0,0,0,0,0,0,0,0,2,0,0,0,0,0,0,0,0,0,0,0,1,1,2,0,0,2
SRR6996787,0,0,0,0,0,0,0,0,0,0,1,0,0,1,0,0,0,0,1,1,1,0,1,1,1,1,0,1,0,0,1,1,0,1,1,0,0,1,1,1,2,0,0,1,0,0,1,1,1,1,1,0,1,1,0,0,0,1,2,2,0,0,0,0,0,0,0,0,0,1,0,0,0,0,0,0,2,1,1,0,0,0,0,0,1,0,1,1,0,1,1,0,0,0,0,0,0,0,0,0,1,1,1,1,1,0,1,1,1,1,1,1,1,1,1,1,1,1,0,1,0,0,0,0,0,0,0,0,0,0,1,0,1,1,1,2
SRR6996799,0,0,0,0,0,0,0,0,0,0,1,0,0,1,0,1,1,1,0,0,0,0,0,0,0,0,0,0,1,1,2,0,1,0,0,0,1,0,1,0,0,1,0,0,1,1,1,0,0,0,0,1,0,1,0,0,0,1,1,1,0,1,1,1,2,0,2,1,1,0,1,0,2,1,1,0,1,2,1,0,1,0,1,1,1,2,0,0,0,2,0,0,0,2,0,0,0,0,0,0,0,0,0,0,0,2,0,0,0,0,0,0,0,0,0,0,0,0,0,0,1,0,1,1,1,1,1,1,1,1,2,1,2,0,1,1
SRR6996706,0,0,0,0,0,0,0,0,0,0,1,0,0,1,0,0,0,1,1,1,1,0,1,1,1,1,1,2,0,0,0,2,0,0,0,1,1,0,1,0,1,1,2,0,0,0,1,0,0,0,0,1,0,0,0,0,0,0,1,1,0,1,1,1,0,1,0,1,1,0,0,0,0,0,0,0,2,0,0,1,1,0,1,1,1,1,0,1,0,1,0,0,0,1,0,1,1,1,1,0,1,1,0,0,0,1,0,0,0,0,0,0,0,1,0,0,0,1,1,0,1,0,0,0,0,0,0,0,0,0,1,0,1,0,1,1
SRR6996677,0,0,0,0,0,0,0,0,1,1,1,0,0,1,0,0,0,1,0,0,0,1,0,0,0,0,1,1,1,1,0,1,0,0,0,2,0,1,1,0,1,2,1,0,0,0,1,2,2,1,1,1,0,0,0,0,1,1,2,2,0,0,0,0,1,0,1,1,2,0,1,0,1,1,1,0,1,0,0,1,1,0,1,1,0,1,1,0,2,2,1,1,1,1,0,2,0,0,0,1,0,0,0,0,0,0,0,0,0,0,0,0,0,1,0,0,0,2,0,0,0,0,0,0,0,0,0,0,0,0,0,0,1,0,1,2
SRR6996770,1,0,0,0,0,0,0,0,0,0,1,1,0,1,1,0,1,0,0,0,0,1,0,0,0,0,1,1,0,1,1,0,1,0,0,1,0,1,1,0,0,1,0,0,0,1,2,0,0,1,0,1,0,2,0,2,1,1,0,0,0,2,2,2,1,1,1,1,0,1,1,0,0,1,1,0,1,0,0,0,0,0,0,0,0,0,0,2,0,0,0,0,0,0,1,1,1,1,1,0,2,2,1,1,2,0,1,1,1,1,1,1,1,0,1,2,2,0,0,1,1,0,0,0,0,0,0,0,0,0,1,1,1,1,1,1
SRR6996701,0,0,0,0,0,0,0,0,0,0,2,0,1,1,0,1,1,0,0,0,0,1,0,0,0,0,0,0,1,0,0,2,1,1,0,1,0,1,1,0,0,1,1,0,1,1,1,0,0,0,0,2,0,1,0,0,0,0,1,1,1,1,1,1,1,0,1,0,0,2,2,2,0,0,0,1,0,1,0,0,0,0,0,1,0,1,0,1,0,1,0,0,0,1,0,1,0,0,0,0,0,0,0,0,0,0,0,0,0,0,0,0,0,2,0,0,0,2,2,0,0,0,0,0,0,1,0,1,1,0,1,1,1,0,1,2
SRR6996684,0,0,0,0,0,0,0,0,0,0,1,0,0,0,1,1,1,0,0,0,0,0,0,0,0,0,2,0,0,0,0,2,0,0,0,1,1,1,0,0,0,1,1,0,1,1,2,0,0,0,0,1,0,1,0,1,0,2,1,1,0,1,1,2,1,0,1,1,1,1,0,0,1,1,1,1,0,1,0,1,0,0,0,0,2,1,0,1,0,1,0,0,0,2,1,0,0,0,0,1,0,0,0,0,0,0,0,0,0,0,0,0,0,1,0,0,0,2,1,0,1,2,0,0,0,0,0,0,0,0,0,0,2,1,0,1
SRR6996772,0,1,1,0,1,1,1,0,1,1,2,0,0,1,0,0,0,0,0,0,0,0,0,0,0,0,2,1,0,0,1,0,1,1,1,0,0,2,0,0,0,1,0,0,0,0,1,0,0,1,1,1,0,0,0,0,0,1,2,2,0,0,0,0,0,2,0,1,1,0,0,0,0,0,0,1,1,0,0,1,0,0,0,1,2,1,0,1,0,1,0,0,1,1,1,1,0,0,0,2,2,2,2,2,2,0,2,2,2,2,2,2,2,0,1,2,2,0,2,0,0,0,1,1,1,1,1,1,1,1,0,0,0,0,1,1
SRR6996773,0,1,1,1,1,1,1,1,1,1,2,0,0,1,0,0,0,1,0,0,0,1,0,0,0,0,1,1,0,0,0,1,1,0,0,1,1,1,0,0,0,1,1,1,2,2,2,1,1,1,1,1,0,1,0,0,0,1,1,1,0,1,1,1,0,1,0,1,1,2,1,0,1,0,0,1,0,1,1,1,1,0,1,1,1,0,0,1,0,1,0,1,0,0,0,1,0,0,0,0,0,0,0,0,0,0,0,0,0,0,0,0,0,2,0,0,0,2,1,1,1,0,0,0,0,1,0,1,1,0,1,1,1,1,0,1
SRR6996789,0,0,0,0,0,0,0,0,2,2,0,0,0,0,0,1,1,0,1,1,1,1,1,1,1,1,0,0,1,0,2,0,0,1,0,0,0,1,1,0,0,1,1,0,1,1,2,2,2,2,2,1,1,2,0,0,0,0,2,2,0,0,0,0,1,0,1,0,0,0,2,0,0,0,0,1,0,0,0,1,0,0,0,1,0,1,0,1,0,1,0,0,1,1,0,1,1,1,1,0,0,0,0,0,0,1,0,0,0,0,0,0,0,1,1,1,1,0,0,0,1,1,0,0,0,0,0,0,0,0,0,0,0,0,1,2
SRR6996709,0,0,0,0,0,0,0,0,1,1,1,0,0,1,0,0,0,1,0,0,0,0,0,0,0,0,0,1,0,0,1,1,0,0,0,0,0,1,1,0,0,0,1,0,2,2,1,0,0,0,0,1,2,1,0,1,0,0,1,1,0,1,1,1,0,0,0,1,2,1,1,1,0,0,0,0,2,0,0,0,1,0,1,1,1,2,0,0,1,2,0,0,0,1,1,0,0,0,0,1,0,0,0,0,0,0,0,0,0,0,0,0,0,2,0,0,0,2,0,0,0,0,2,2,2,2,1,1,1,1,1,0,1,0,2,1
SRR6996692,0,0,0,0,0,0,0,0,0,0,1,1,2,1,0,1,1,1,0,0,0,2,0,0,0,0,1,1,0,1,0,2,0,1,1,0,1,1,0,0,1,2,0,0,1,1,0,1,1,1,1,1,0,1,0,2,0,1,1,1,0,1,1,1,2,0,2,0,1,0,1,1,2,0,0,1,0,0,0,1,1,0,1,1,0,0,0,2,0,0,0,0,0,1,1,2,0,0,0,0,0,0,0,0,0,2,0,0,0,0,0,0,0,0,0,0,0,0,1,0,2,1,0,0,0,0,0,0,0,0,0,0,1,1,0,2
SRR6996744,0,0,0,0,0,0,0,0,1,1,1,0,0,0,1,1,1,0,0,0,0,0,0,0,0,0,0,1,1,0,1,1,0,0,0,0,1,0,1,0,1,0,1,0,0,1,1,0,0,0,0,1,1,0,0,2,0,0,0,0,0,2,2,2,2,0,2,1,0,2,1,0,0,1,1,0,0,0,0,0,1,0,1,2,0,1,0,1,0,1,0,0,0,0,0,0,0,0,0,0,0,0,0,0,0,1,0,0,0,0,0,0,0,1,0,0,0,1,2,0,1,1,1,1,1,1,1,1,1,0,0,0,0,1,0,1
SRR6996782,0,0,0,0,0,0,0,0,0,0,0,2,0,0,0,1,1,1,1,1,1,0,1,1,1,1,0,2,0,0,2,0,2,0,0,2,1,0,1,0,2,1,1,0,0,1,1,0,0,1,0,1,2,1,1,0,0,0,2,2,0,0,0,0,0,2,0,2,0,1,1,1,2,1,1,0,1,1,0,2,0,0,0,2,0,2,0,0,0,2,0,0,0,1,0,1,1,1,1,0,0,0,0,0,0,2,0,0,0,0,0,0,0,0,0,0,0,0,0,1,0,1,1,1,1,1,1,1,1,1,0,0,0,2,0,2
SRR6996671,0,0,0,0,0,0,0,0,0,0,0,0,0,1,0,0,0,0,0,0,0,2,0,0,0,0,1,1,0,1,1,1,2,0,0,0,1,1,1,0,0,0,0,1,0,0,1,0,0,0,0,0,0,2,0,0,0,1,1,1,0,1,1,1,0,0,0,1,2,1,0,0,0,1,1,1,0,0,1,2,1,0,1,1,1,2,0,0,1,2,0,0,1,1,0,1,0,0,0,0,0,0,0,0,0,2,0,0,0,0,0,0,0,0,0,0,0,0,0,1,0,0,1,1,1,1,1,1,1,1,0,0,0,1,0,1
SRR6996695,0,0,0,0,0,0,0,0,0,0,0,0,0,2,0,0,0,0,0,0,0,0,0,0,0,0,2,1,0,1,1,0,0,0,0,1,0,0,2,1,1,2,1,0,2,2,0,1,1,1,1,1,0,0,0,1,0,1,0,0,1,2,2,2,1,0,1,0,0,2,1,1,1,1,1,0,1,0,1,1,0,0,0,2,1,1,0,1,0,1,0,0,0,1,1,1,1,1,1,0,2,2,2,2,1,1,1,1,1,1,1,1,1,0,1,1,1,0,0,0,1,1,0,0,0,0,0,0,0,0,1,0,1,1,1,2
SRR6996738,1,0,0,0,0,0,0,0,0,0,1,0,1,2,0,1,1,1,0,0,0,1,0,0,0,0,2,1,0,0,0,2,0,0,0,1,1,0,0,0,1,1,0,0,0,1,1,0,0,0,0,1,0,1,0,0,0,1,0,0,0,2,2,2,1,0,1,1,1,0,0,0,1,1,1,0,0,0,0,0,0,0,0,0,1,0,0,2,0,0,0,0,0,0,0,1,0,0,0,0,0,0,0,0,0,2,0,0,0,0,0,0,0,0,0,0,0,0,0,1,0,1,0,0,0,1,0,1,1,0,1,0,1,0,1,1
SRR6996687,0,0,0,0,0,0,0,0,1,1,1,0,0,2,0,0,0,0,0,0,0,1,0,0,0,0,1,1,0,0,0,2,0,1,1,0,0,2,1,0,0,1,1,2,1,1,1,0,0,1,0,1,0,2,0,1,0,0,0,0,1,1,1,1,1,1,1,0,0,2,2,2,2,0,0,0,1,1,0,0,2,2,2,0,0,1,0,0,0,2,0,1,0,1,0,1,0,0,0,1,0,0,0,0,0,0,0,0,0,0,0,0,0,2,0,0,0,2,0,2,0,1,0,0,0,1,0,1,2,1,0,0,2,0,2,1
SRR6996747,0,0,0,0,0,0,0,0,1,1,2,0,0,0,1,0,1,0,1,1,1,0,1,1,1,1,2,1,0,0,1,1,1,0,0,1,0,2,2,0,1,2,0,1,1,1,2,0,0,1,0,1,1,0,0,1,0,1,1,1,0,1,1,1,2,0,2,2,1,1,0,0,0,1,1,0,0,1,0,0,0,0,0,2,1,2,0,0,0,2,0,0,0,0,0,0,0,0,0,0,0,0,0,0,0,1,0,0,0,0,0,0,0,1,0,0,0,1,1,1,1,0,0,0,0,0,0,0,0,0,1,0,1,1,1,1
SRR6996724,0,1,1,0,1,1,1,0,1,1,0,1,1,1,0,0,0,0,1,1,1,0,1,1,1,1,1,2,0,0,0,2,1,0,0,0,0,0,1,0,1,1,1,0,1,1,0,1,1,1,1,0,1,0,0,0,0,0,0,0,0,1,1,1,1,1,1,1,1,2,0,0,0,0,0,1,1,0,1,1,0,0,0,1,2,0,0,2,0,0,0,0,0,0,0,0,0,0,0,0,0,0,0,0,0,0,0,0,0,0,0,0,0,1,0,0,0,1,0,0,1,0,0,0,0,0,0,0,0,0,1,1,1,1,0,1
SRR6996729,0,0,0,0,0,0,0,0,1,1,0,0,0,0,0,0,0,2,0,0,0,1,0,0,0,0,2,0,0,1,0,2,0,0,0,1,0,1,0,0,0,1,0,0,0,0,0,0,0,1,1,0,0,0,0,0,0,0,0,1,0,2,2,2,0,0,0,0,2,0,1,0,1,1,1,0,0,1,0,1,0,0,0,0,1,0,0,2,0,0,0,0,0,1,0,1,0,0,0,0,0,0,0,0,0,0,0,0,0,0,0,0,0,2,0,0,0,2,1,2,0,0,1,1,1,1,1,1,1,1,1,1,1,0,0,1
SRR6996739,0,0,0,0,0,0,0,0,0,0,2,0,1,0,0,0,0,0,0,0,0,0,0,0,0,0,0,1,1,0,1,1,0,0,0,1,0,1,1,0,0,1,1,0,0,0,1,0,0,1,0,1,0,0,0,1,0,1,2,2,0,0,0,0,1,0,1,1,0,1,1,0,1,0,0,0,1,1,0,1,0,0,0,1,1,1,1,0,0,2,1,0,1,1,0,0,0,0,0,0,0,0,0,0,0,1,0,0,0,0,0,0,0,1,0,0,0,1,1,1,0,0,0,0,0,0,0,0,0,0,0,1,1,1,0,1
SRR6996715,0,0,0,0,0,0,0,0,0,0,1,1,0,2,0,0,0,0,0,0,0,1,0,0,0,0,1,0,0,0,1,1,1,0,0,1,1,1,2,0,1,0,1,0,1,1,2,0,0,0,0,1,1,1,2,0,0,0,1,1,0,0,0,0,1,1,1,1,1,1,1,0,0,1,1,0,2,0,1,2,2,1,2,1,1,0,0,1,0,1,0,1,0,1,0,0,0,0,0,1,0,0,0,0,0,0,0,0,0,0,0,0,0,1,0,0,0,2,0,2,0,1,0,0,0,0,1,1,1,1,1,1,1,1,1,1
SRR6996667,0,0,0,0,0,0,0,0,0,0,2,0,1,1,0,0,0,0,0,0,0,1,0,0,0,0,0,1,0,0,0,2,0,0,0,1,0,1,1,0,0,1,1,0,0,0,1,0,0,0,0,2,0,0,0,0,0,1,2,2,0,0,0,0,1,0,1,0,2,1,1,0,0,1,1,1,1,0,0,1,0,0,0,1,1,0,0,0,0,2,0,0,1,1,0,1,0,0,0,0,0,0,0,0,0,1,0,0,0,0,0,0,0,1,0,0,0,1,0,0,1,0,2,2,2,2,2,2,2,2,0,0,0,1,1,1
SRR6996762,0,0,0,0,0,0,0,0,1,1,0,1,1,1,1,0,1,0,0,0,0,0,0,0,0,0,2,1,0,0,0,2,0,0,0,1,0,2,0,0,1,2,1,1,1,1,0,0,0,2,0,0,1,0,0,0,0,0,1,1,0,1,1,1,0,1,0,1,0,2,0,0,1,1,1,0,0,1,1,2,0,0,0,2,1,1,0,1,0,1,0,0,0,0,0,0,0,0,0,1,0,0,0,0,0,2,0,0,0,0,0,0,0,0,0,0,0,0,1,0,1,1,2,2,2,2,2,2,2,2,1,1,1,1,0,2
SRR6996746,0,0,0,0,0,0,0,0,1,1,1,0,0,0,0,1,1,0,0,0,0,1,0,0,0,0,1,0,1,1,0,2,1,0,0,1,0,1,0,1,0,1,0,0,0,0,1,0,0,0,0,2,0,1,0,0,1,1,2,2,0,0,0,0,2,0,2,0,0,0,0,0,0,0,0,0,0,0,0,1,1,1,1,0,1,1,0,1,1,1,0,0,1,1,0,1,0,0,0,1,0,0,0,0,0,1,0,0,0,0,0,0,0,1,0,0,0,1,2,0,1,0,1,1,1,1,1,1,1,1,1,1,1,0,1,1
SRR6996711,0,1,1,1,1,1,1,1,1,1,1,0,0,1,0,0,1,0,0,0,0,1,0,0,0,0,0,0,1,0,1,0,1,0,0,1,0,0,0,0,0,0,1,0,0,0,1,0,0,0,0,1,0,2,0,2,0,1,2,2,0,0,0,0,0,1,0,0,1,0,0,0,1,0,0,1,0,0,0,1,1,0,1,0,0,2,0,0,2,2,0,0,2,1,1,1,0,0,0,1,0,0,0,0,0,1,0,0,0,0,0,0,0,0,0,0,0,1,1,1,0,0,0,0,0,0,0,0,0,0,0,0,1,0,1,1
SRR6996697,0,0,0,0,0,0,0,0,0,0,1,0,1,1,0,0,0,0,0,0,0,0,0,0,0,0,1,2,0,0,2,0,0,0,0,0,0,1,1,0,0,2,0,0,1,1,2,0,0,1,1,0,2,2,0,1,1,1,0,0,1,2,2,2,0,1,0,0,1,1,0,0,1,0,0,0,1,1,0,0,1,0,1,1,0,0,0,2,0,0,0,2,0,1,0,0,0,0,0,1,0,0,0,0,0,1,0,0,0,0,0,0,0,1,0,0,0,1,1,0,1,0,1,1,1,1,1,1,1,2,2,1,2,1,2,2
SRR6996696,0,0,0,0,0,0,0,0,0,0,0,0,1,0,0,1,2,1,0,0,0,1,0,0,0,0,2,1,1,0,2,0,0,0,0,1,1,0,2,0,0,0,0,0,0,0,0,1,1,2,1,0,0,1,1,1,1,0,1,1,0,0,0,0,0,1,0,0,1,0,1,1,1,0,0,0,1,1,0,1,1,0,1,0,0,0,1,1,0,1,1,1,0,2,0,1,0,0,0,1,2,2,2,2,2,0,2,2,2,2,2,2,2,0,1,2,2,0,1,1,0,0,0,0,0,0,0,0,0,0,1,0,1,0,1,1
SRR6996758,0,0,0,0,0,0,0,0,0,0,2,0,0,0,1,0,0,0,0,0,0,1,0,0,0,0,0,0,1,0,0,2,0,1,1,1,0,1,1,0,1,2,0,0,2,2,0,0,0,0,0,2,1,1,0,0,1,0,2,2,0,0,0,0,1,0,1,0,2,1,1,1,0,1,1,1,1,1,0,1,1,0,1,1,2,2,0,0,0,2,0,0,0,0,0,1,0,0,0,1,0,0,0,0,0,0,0,0,0,0,0,0,0,0,0,0,0,1,1,0,1,2,0,0,0,0,0,0,0,0,0,0,0,0,1,2
SRR6996669,1,0,0,0,0,0,0,0,0,0,1,0,0,0,0,1,1,0,0,0,0,0,0,0,0,0,1,1,1,1,2,0,0,0,0,1,0,1,1,0,0,1,0,0,0,0,0,0,0,0,0,1,0,1,0,0,0,1,2,2,0,0,0,0,1,0,1,0,2,1,1,0,2,1,1,1,0,0,0,1,1,0,1,0,1,1,0,0,0,2,0,1,0,0,1,0,0,0,0,1,0,0,0,0,0,1,0,0,0,0,0,0,0,0,0,0,0,1,0,0,0,0,0,0,0,0,0,0,0,0,0,1,1,2,0,1
SRR6996705,0,0,0,0,0,0,0,0,0,0,1,0,1,2,0,0,0,1,1,1,1,1,1,1,1,1,2,2,0,0,2,0,0,0,0,1,0,1,1,0,1,1,1,0,1,2,1,1,1,1,1,0,0,1,1,0,0,0,2,2,0,0,0,0,2,0,2,2,0,2,0,0,1,0,0,1,1,0,0,2,0,0,0,1,0,1,0,1,0,1,0,0,0,1,0,0,0,0,0,1,1,1,1,1,1,0,1,1,1,1,1,1,1,1,1,1,1,1,0,0,0,1,0,0,0,0,0,0,0,0,1,1,1,0,0,1
SRR6996732,0,0,0,0,0,0,0,0,0,0,0,0,0,0,0,1,0,0,1,1,1,1,1,1,1,1,0,1,1,0,1,1,1,0,0,1,0,1,1,0,0,1,0,0,2,2,0,1,1,1,1,1,0,1,0,0,0,0,0,0,0,2,1,1,0,1,0,0,2,2,0,0,0,0,0,0,2,0,0,1,1,0,1,0,1,0,1,0,0,2,1,1,1,1,0,0,0,0,0,0,0,0,0,0,0,1,0,0,0,0,0,0,0,1,0,0,0,1,0,2,0,0,0,0,0,0,0,0,0,0,0,0,0,0,2,2
SRR6996745,0,0,0,0,0,0,0,0,1,1,1,0,0,1,0,0,0,0,0,0,0,1,0,0,0,0,1,0,0,0,0,1,1,0,0,0,0,0,0,0,0,1,0,0,0,2,0,0,0,0,0,1,0,1,1,0,0,1,1,1,0,1,1,1,1,0,1,1,1,1,1,0,0,0,0,0,0,0,0,1,0,0,0,1,1,1,0,1,0,1,0,0,0,2,0,0,0,0,0,0,0,0,0,0,0,1,0,0,0,0,0,0,0,0,0,0,0,1,0,0,1,0,1,1,1,1,1,1,1,1,0,0,0,0,0,1
SRR6996790,0,0,0,0,0,0,0,0,1,1,2,0,0,1,0,0,0,0,0,0,0,0,0,0,0,0,1,1,0,0,2,0,0,0,0,0,0,2,1,2,1,0,0,1,1,1,2,0,0,1,0,0,0,0,1,0,0,1,1,1,0,1,1,1,0,1,0,1,2,1,2,0,0,2,2,0,1,0,1,1,1,0,1,1,0,0,0,2,0,0,0,0,0,0,0,1,1,1,1,1,0,0,0,0,0,1,0,0,0,0,0,0,0,0,0,0,0,1,0,1,1,0,0,0,0,0,0,0,1,1,0,0,0,2,1,1
SRR6996784,0,0,0,0,0,0,0,0,0,0,1,1,0,1,0,0,0,1,0,0,0,0,0,0,0,0,1,0,2,0,0,2,0,0,0,0,0,1,0,0,1,0,1,0,0,0,1,1,1,1,1,0,0,1,0,0,0,0,1,1,1,1,1,1,0,1,0,0,2,2,0,0,0,0,0,1,0,0,1,1,1,0,1,1,1,1,0,1,0,1,0,0,0,1,0,0,0,0,0,1,0,0,0,0,0,1,0,0,0,0,0,0,0,0,0,0,0,1,1,0,1,0,0,0,0,0,0,0,0,0,1,2,2,0,0,2
SRR6996670,0,1,1,1,1,1,1,1,0,0,1,0,0,0,1,0,0,0,0,0,0,0,0,0,0,0,1,1,0,0,2,0,2,0,0,0,0,1,1,0,0,1,1,1,2,2,2,1,1,1,1,0,1,1,0,1,0,1,1,1,0,1,1,1,2,0,2,0,0,0,1,1,2,0,0,1,1,0,0,1,0,0,0,0,1,0,0,2,0,0,0,0,0,1,0,0,0,0,0,0,0,0,0,0,0,2,0,0,0,0,0,0,0,0,0,0,0,0,0,2,0,1,0,0,0,0,1,1,1,1,0,0,0,0,1,1
SRR6996675,0,0,0,0,0,0,0,0,0,0,2,0,1,1,0,1,1,0,0,0,0,2,0,0,0,0,0,1,0,0,1,0,1,0,0,0,0,2,2,0,0,2,0,1,1,1,1,0,0,0,0,1,0,0,0,0,0,1,1,1,0,1,1,1,0,2,0,2,1,2,1,1,0,1,1,2,0,1,0,1,0,0,0,1,0,1,0,1,1,1,0,0,1,0,0,1,1,1,1,0,1,1,1,1,1,1,1,1,1,1,1,1,1,0,1,1,1,0,1,0,1,0,0,0,0,0,0,0,0,0,0,0,1,0,1,2
SRR6996763,0,0,0,0,0,0,0,0,0,0,0,0,0,2,0,0,1,0,0,0,0,0,0,0,0,0,2,1,0,0,0,2,0,0,0,0,0,1,0,0,0,1,1,1,0,0,1,0,0,0,0,0,0,0,0,0,0,1,1,1,0,1,0,0,2,0,2,1,2,2,1,0,0,0,0,0,0,0,0,2,1,0,1,0,1,1,0,1,1,1,0,0,2,1,0,1,0,0,0,0,0,0,0,0,0,2,0,0,0,0,0,0,0,0,0,0,0,0,0,1,0,0,2,2,2,2,2,2,2,2,0,0,0,1,2,1
SRR6996665,0,0,0,0,0,0,0,0,0,0,0,0,1,2,1,0,0,0,0,0,0,0,0,0,0,0,1,1,0,0,1,1,0,0,0,0,0,0,2,0,0,2,1,0,1,1,1,1,1,1,1,0,1,1,0,2,0,1,1,2,0,0,0,0,1,1,1,0,2,1,1,0,2,0,0,1,1,2,1,1,1,0,1,0,0,0,0,2,0,0,0,0,1,0,0,0,0,0,0,1,0,0,0,0,0,1,0,0,0,0,0,0,0,0,0,0,0,1,1,0,1,0,0,0,0,0,0,0,0,0,0,0,0,1,1,1
SRR6996679,0,0,0,0,0,0,0,0,1,1,2,0,0,2,0,1,0,0,0,0,0,1,0,0,0,0,0,1,0,0,0,2,0,0,0,1,0,2,2,0,0,1,1,0,1,1,0,0,0,1,0,0,1,1,0,0,0,1,0,0,0,1,1,1,0,0,0,1,2,1,0,0,0,1,1,0,0,0,0,0,1,1,1,2,1,1,0,1,1,1,0,0,1,1,0,0,0,0,0,0,1,1,0,0,1,0,0,0,0,0,0,0,0,0,1,1,1,0,1,2,0,1,1,1,1,1,1,1,1,1,1,0,1,0,0,2
SRR6996700,0,0,0,0,0,0,0,0,0,0,0,0,0,2,0,0,0,1,0,0,0,0,0,0,0,0,2,2,0,0,0,0,1,0,0,0,0,1,0,0,0,1,1,0,1,1,2,0,0,0,0,1,0,1,1,1,0,1,2,2,0,0,0,0,0,2,0,0,1,1,1,1,0,0,0,1,0,0,0,1,0,0,0,1,1,1,0,1,1,1,0,0,1,1,0,1,0,0,0,1,0,0,0,0,0,2,0,0,0,0,0,0,0,0,1,1,1,0,1,0,1,0,1,1,1,1,1,1,1,1,1,0,1,1,1,1
SRR6996734,0,0,0,0,0,0,0,0,1,1,1,0,0,2,0,0,0,0,0,0,0,1,0,0,0,0,0,0,0,0,0,2,0,0,0,0,0,1,2,0,0,2,0,1,2,2,1,1,1,1,0,0,0,0,0,0,0,1,2,2,0,0,0,0,1,1,1,1,1,1,2,1,2,1,1,0,0,0,0,1,1,0,1,0,1,1,0,1,1,1,0,0,1,1,0,0,0,0,0,0,0,0,0,0,0,2,0,0,0,0,0,0,0,0,0,0,0,0,0,0,1,0,0,0,0,0,0,0,0,0,2,1,2,1,0,1
SRR6996775,0,0,0,0,0,0,0,0,0,0,2,0,0,1,0,0,0,0,0,0,0,0,0,0,0,0,2,1,0,1,2,0,2,0,0,0,0,1,1,1,1,1,0,0,0,1,0,0,0,0,0,2,0,2,0,1,1,1,1,1,1,1,1,1,1,1,1,1,2,1,1,1,2,0,0,0,0,0,0,1,0,0,0,1,1,1,0,1,0,1,0,0,0,0,0,1,1,1,1,0,1,1,0,0,1,0,0,0,0,0,0,0,0,1,1,1,1,1,1,0,1,0,1,1,1,1,1,1,1,1,0,0,1,1,0,1
SRR6996668,0,0,0,0,0,0,0,0,1,1,0,0,1,1,1,0,0,1,0,0,0,1,0,0,0,0,0,1,0,0,1,1,2,1,1,0,0,2,1,0,0,2,0,0,0,0,1,0,0,1,0,0,0,1,0,2,0,1,0,0,0,2,2,2,0,2,0,0,1,0,0,0,2,0,0,1,0,0,1,1,1,0,1,0,2,1,0,1,0,1,0,0,0,1,0,0,0,0,0,0,0,0,0,0,0,1,0,0,0,0,0,0,0,1,0,0,0,1,1,0,1,1,1,1,1,1,1,1,1,1,0,0,1,0,0,1
SRR6996756,0,0,0,0,0,0,0,0,0,0,2,0,0,1,0,0,0,1,0,0,0,1,0,0,0,0,1,0,0,0,1,1,0,0,0,0,0,1,2,0,1,0,1,0,0,1,0,0,0,1,0,0,0,1,0,0,0,1,2,2,0,0,0,0,2,0,2,0,1,1,0,0,0,0,0,1,1,0,0,1,1,0,1,0,0,0,1,0,0,2,1,1,1,1,1,1,0,0,0,0,1,1,1,1,1,0,1,1,1,1,1,1,1,1,1,1,1,1,0,2,0,1,1,1,1,1,1,1,2,2,0,0,1,1,2,1
SRR6996786,0,0,0,0,0,0,0,0,0,0,2,0,0,1,0,0,0,0,2,2,2,0,2,2,2,2,0,0,0,0,1,0,0,1,1,0,2,0,0,0,0,1,1,0,0,0,1,0,0,0,0,1,0,0,0,0,0,0,1,1,0,0,0,0,1,1,1,1,0,0,0,0,0,1,1,0,0,0,0,2,0,0,0,1,1,1,0,0,0,2,0,0,1,2,0,1,0,0,0,1,0,0,0,0,0,1,0,0,0,0,0,0,0,0,0,0,0,2,1,0,1,0,0,0,0,0,0,0,0,0,2,0,2,0,0,1
SRR6996777,0,0,0,0,0,0,0,0,2,2,0,0,1,0,0,0,0,0,0,0,0,0,0,0,0,0,0,1,1,0,2,1,1,1,1,0,0,2,1,0,0,2,0,1,1,2,1,2,2,1,1,0,0,0,0,0,0,1,1,1,0,1,1,1,0,0,0,1,0,0,2,1,1,1,1,0,1,0,0,1,0,0,0,2,0,0,0,2,0,0,0,0,0,0,2,1,0,0,0,0,1,1,1,1,1,1,1,1,1,1,1,1,1,0,1,1,1,0,0,1,0,0,0,0,0,0,0,0,0,0,0,0,0,1,1,2
SRR6996716,0,1,1,1,1,1,1,1,1,1,1,1,0,1,0,0,1,0,0,0,0,1,0,0,0,0,1,1,0,0,0,0,1,0,0,0,0,2,1,0,0,1,2,2,1,1,2,0,2,2,2,2,0,2,0,0,0,1,0,0,0,2,2,2,0,2,0,1,1,2,0,0,1,0,0,1,1,1,0,0,1,0,1,1,0,0,1,0,0,2,1,1,0,1,0,1,0,0,0,1,1,1,0,0,1,0,0,0,0,0,0,0,0,1,1,1,1,1,1,0,1,0,1,1,1,1,1,1,1,1,2,0,2,0,1,1
SRR6996712,0,0,0,0,0,0,0,0,0,0,0,0,0,1,0,0,0,0,0,0,0,1,0,0,0,0,0,0,1,0,1,0,1,0,0,1,2,0,2,0,0,1,1,0,1,1,1,0,0,0,0,1,1,1,1,0,0,1,0,0,0,2,2,2,0,2,0,1,0,1,0,0,1,0,0,1,0,1,0,0,0,0,0,0,0,2,0,0,2,2,0,0,1,1,0,2,0,0,0,0,0,0,0,0,0,1,0,0,0,0,0,0,0,1,0,0,0,1,1,1,0,0,0,0,0,0,0,0,0,0,0,0,0,1,2,1
SRR6996759,1,0,0,0,0,0,0,0,1,1,2,0,1,0,0,0,0,0,0,0,0,0,0,0,0,0,1,1,0,0,1,1,1,0,0,0,0,1,1,0,0,0,0,0,1,1,1,0,0,0,0,0,1,1,0,0,0,0,0,0,0,2,2,2,1,0,1,1,0,1,1,1,0,0,0,1,1,0,0,1,0,0,0,1,1,1,0,1,0,1,0,0,0,0,0,1,0,0,0,0,1,1,1,1,1,1,1,1,1,1,1,1,1,0,1,1,1,0,1,0,0,0,1,1,1,1,0,0,0,0,0,0,0,0,0,1
SRR6996708,0,1,1,1,1,1,1,1,0,0,2,0,0,1,0,1,1,0,0,0,0,0,0,0,0,0,2,1,0,0,2,0,1,0,0,1,0,1,0,0,1,1,0,0,1,1,1,0,0,0,0,0,0,0,0,0,0,2,1,1,0,1,1,1,0,2,0,0,0,0,0,0,1,2,2,1,0,1,0,1,0,0,0,0,0,2,0,0,1,2,0,1,0,1,0,0,0,0,0,0,0,0,0,0,0,1,0,0,0,0,0,0,0,1,0,0,0,1,0,0,1,0,0,0,0,0,0,1,1,1,1,2,2,0,0,2
SRR6996760,0,0,0,0,0,0,0,0,0,0,0,2,0,1,1,0,0,0,0,0,0,1,0,0,0,0,0,0,1,0,1,1,1,0,0,1,0,2,2,0,0,0,1,0,1,1,2,1,1,2,1,0,1,1,0,0,0,1,0,0,0,2,2,2,1,1,1,1,1,2,0,0,1,0,0,0,0,1,0,1,0,0,0,0,1,0,0,2,0,0,0,1,0,1,0,1,0,0,0,1,0,0,0,0,0,1,0,0,0,0,0,0,0,0,0,0,0,1,2,1,0,0,0,0,0,0,0,0,0,0,1,0,1,1,1,1
SRR6996723,0,0,0,0,0,0,0,0,0,0,0,0,0,0,1,0,0,1,0,0,0,1,0,0,0,0,1,1,0,0,0,2,1,0,0,1,0,1,1,0,2,1,1,0,0,0,2,0,0,0,0,0,1,0,0,0,0,1,1,1,0,1,1,1,0,0,0,0,1,1,0,0,0,1,1,1,0,0,0,0,0,0,0,0,1,0,0,2,0,0,0,0,0,0,0,2,0,0,0,1,2,2,2,2,2,0,2,2,2,2,2,2,2,0,1,2,2,0,1,0,2,1,0,0,0,0,0,0,0,0,0,0,1,0,1,2
SRR6996798,0,0,0,0,0,0,0,0,0,0,0,0,1,0,0,1,2,1,0,0,0,1,0,0,0,0,0,1,0,0,0,2,0,0,0,0,1,1,2,0,1,0,1,0,0,0,0,1,1,1,0,1,0,1,0,0,0,1,0,0,0,2,2,2,1,1,1,0,1,1,1,0,0,0,0,1,1,0,0,0,0,0,0,0,0,2,0,0,1,2,0,0,1,1,0,1,1,1,1,0,0,0,0,0,0,2,0,0,0,0,0,0,0,0,0,0,0,0,1,0,2,0,0,0,0,0,0,0,0,0,1,1,1,0,1,2
SRR6996741,0,0,0,0,0,0,0,0,1,1,1,0,0,1,0,1,1,1,0,0,0,0,0,0,0,0,1,1,1,0,2,0,0,0,0,0,0,1,1,0,0,1,0,1,1,1,1,0,0,1,0,0,2,0,0,0,0,0,1,1,0,1,1,1,1,0,1,0,1,1,1,0,1,0,0,1,0,0,0,0,1,0,1,0,1,1,0,1,0,1,0,0,0,1,0,1,1,1,1,0,1,1,1,1,1,1,1,1,1,1,1,1,1,0,1,1,1,0,0,1,1,0,1,1,1,1,1,1,1,1,0,0,0,0,1,1
SRR6996776,0,0,0,0,0,0,0,0,1,1,1,0,0,1,0,0,0,2,0,0,0,1,0,0,0,0,0,1,0,0,1,1,0,0,0,0,2,0,2,1,0,1,0,0,1,1,0,1,1,1,1,1,0,1,1,0,1,1,1,1,1,1,1,1,0,1,0,0,1,0,0,0,1,1,1,1,1,0,0,1,1,0,1,2,0,2,0,0,1,2,0,0,1,0,1,0,0,0,0,0,1,1,1,1,1,0,1,1,1,1,1,1,1,1,1,1,1,1,0,2,0,0,0,0,0,0,0,0,0,0,2,1,2,1,0,1
SRR6996753,0,0,0,0,0,0,0,0,1,1,1,0,0,0,0,0,0,1,0,0,0,0,0,0,0,0,2,1,1,0,1,1,1,0,0,0,1,1,1,0,2,1,2,0,0,0,1,1,1,1,1,0,0,1,0,1,0,1,1,1,0,1,1,1,1,0,1,1,0,0,0,0,2,0,0,1,0,1,1,1,0,0,0,1,0,1,0,1,1,1,0,0,1,1,1,0,0,0,0,0,1,1,1,1,1,1,1,1,1,1,1,1,1,0,1,1,1,0,1,2,0,0,0,0,0,0,0,0,0,0,0,0,0,1,2,1
SRR6996703,0,0,0,0,0,0,0,0,1,1,0,1,1,0,1,0,0,0,0,0,0,1,0,0,0,0,2,1,0,0,1,1,1,0,0,1,0,0,1,0,0,2,0,1,1,1,1,2,2,2,2,0,0,2,0,1,0,0,0,0,0,1,1,1,1,1,1,0,0,1,0,0,0,1,1,0,0,0,0,0,0,0,0,0,1,0,0,1,0,1,0,1,0,1,0,1,0,0,0,0,0,0,0,0,0,1,0,0,0,0,0,0,0,1,0,0,0,1,1,0,0,1,0,0,0,0,0,0,0,0,1,0,1,1,1,2
SRR6996720,0,0,0,0,0,0,0,0,1,1,1,0,0,1,0,1,2,1,0,0,0,2,0,0,0,0,1,1,0,0,0,2,1,1,1,1,0,0,1,0,1,2,0,0,1,1,1,0,0,0,0,2,0,1,0,1,0,0,0,0,0,1,1,1,0,1,0,0,0,0,1,0,0,0,0,1,0,0,0,2,1,0,1,1,1,0,0,1,0,0,0,1,0,0,0,1,0,0,0,0,0,0,0,0,0,2,0,0,0,0,0,0,0,0,0,0,0,0,0,1,0,1,0,0,0,0,0,0,0,0,1,0,1,0,0,1
SRR6996752,0,0,0,0,0,0,0,0,0,0,2,0,0,1,1,0,0,0,0,0,0,1,0,0,0,0,1,1,0,0,2,0,1,0,0,2,0,0,1,0,0,2,0,0,0,0,1,0,0,0,0,2,0,0,0,0,1,1,2,2,0,0,0,0,1,1,1,0,0,1,0,0,0,0,0,0,2,0,0,1,1,0,1,0,1,0,0,2,0,0,0,0,0,0,0,0,0,0,0,2,0,0,0,0,0,1,0,0,0,0,0,0,0,0,0,0,0,1,0,1,0,0,0,0,0,0,0,0,0,0,1,0,0,1,1,1
SRR6996710,0,2,2,2,2,2,2,2,0,0,1,0,0,1,1,0,0,0,0,0,0,1,0,0,0,0,1,1,0,0,1,1,1,0,0,0,0,1,1,0,1,2,0,0,0,0,0,1,1,1,1,1,1,0,0,1,0,1,1,1,0,1,1,1,1,1,1,0,1,1,1,0,0,0,0,2,0,1,0,1,0,0,0,2,0,0,0,2,0,0,0,0,2,0,0,1,0,0,0,0,0,0,0,0,0,1,0,0,0,0,0,0,0,0,0,0,0,1,0,0,1,0,1,1,1,1,1,1,1,1,1,0,0,1,1,1
SRR6996750,1,0,0,0,0,0,0,0,0,0,1,0,0,1,0,0,0,0,0,0,0,1,0,0,0,0,1,1,0,0,2,0,1,1,1,0,1,0,0,0,1,1,1,2,0,0,0,0,0,2,0,1,0,0,0,0,0,2,2,2,0,0,0,1,1,1,1,1,2,0,0,0,0,1,1,0,0,0,0,2,1,1,1,1,1,1,0,1,0,1,0,0,0,1,1,0,0,0,0,1,0,0,0,0,0,0,0,0,0,0,0,0,0,1,0,0,0,1,1,0,2,0,0,0,0,0,0,0,0,0,1,0,1,1,0,1
SRR6996781,0,0,0,0,0,0,0,0,1,1,0,0,1,0,0,1,1,2,0,0,0,1,0,0,0,0,2,0,2,0,1,1,0,0,0,1,0,2,1,0,1,0,2,1,0,0,1,0,0,1,0,1,0,0,0,1,0,1,0,0,0,1,1,1,0,1,0,1,1,1,0,0,0,1,1,1,1,0,0,1,2,1,2,2,0,2,0,1,1,2,0,0,0,0,0,2,1,1,1,0,0,0,0,0,0,0,0,0,0,0,0,0,0,1,0,0,0,1,1,0,1,0,1,1,1,1,1,1,1,1,2,0,2,1,0,2
SRR6996785,0,0,0,0,0,0,0,0,1,1,0,0,0,1,0,0,0,0,0,0,0,1,0,0,0,0,1,1,0,0,1,0,0,0,0,0,0,2,1,0,1,1,0,0,1,2,1,0,0,1,0,1,0,0,0,0,0,1,1,1,0,1,1,1,0,1,0,0,1,1,0,0,0,0,0,1,0,0,0,0,0,0,0,1,0,0,0,2,0,0,0,0,1,1,0,0,0,0,0,1,1,1,1,1,1,0,1,1,1,1,1,1,1,0,1,1,1,0,0,0,1,1,0,0,0,0,0,0,0,0,1,0,0,0,0,1
SRR6996719,0,0,0,0,0,0,0,0,1,1,1,0,0,0,0,0,0,0,0,0,0,1,0,0,0,0,2,1,1,0,1,0,0,0,0,1,0,1,1,0,0,2,1,0,1,1,0,0,0,1,0,2,1,0,0,0,1,1,1,1,0,1,1,1,2,0,2,0,1,1,0,0,0,0,0,0,0,1,0,1,1,0,1,1,0,1,0,1,0,1,0,0,0,0,0,1,1,1,1,0,0,0,0,0,0,1,0,0,0,0,0,0,0,1,0,0,0,1,0,0,1,0,0,0,0,1,0,1,1,0,0,0,1,1,1,1
SRR6996737,0,0,0,0,0,0,0,0,1,1,1,0,0,2,0,0,0,0,0,0,0,1,0,0,0,0,2,0,1,0,1,0,2,0,0,0,0,1,0,0,0,2,0,0,2,2,1,0,0,2,0,1,0,1,0,0,0,1,0,0,0,2,2,2,0,1,0,1,2,0,0,0,1,1,1,0,0,1,1,0,1,0,1,2,0,1,0,1,0,1,0,0,0,1,0,0,0,0,0,2,1,1,1,1,1,0,1,1,1,1,1,1,1,0,1,1,1,1,0,2,0,0,1,1,1,1,1,2,2,2,1,0,1,0,1,2
SRR6996694,0,0,0,0,0,0,0,0,1,1,1,1,0,1,0,0,0,1,0,0,0,1,0,0,0,0,1,1,0,1,1,1,1,0,0,0,0,2,1,0,0,1,0,0,1,1,2,0,0,1,0,1,0,1,0,2,0,0,2,2,0,0,0,0,0,0,0,0,1,0,1,1,1,0,0,0,0,0,0,0,0,0,0,0,0,0,0,2,0,0,0,0,0,0,1,1,0,0,0,0,1,1,1,1,1,1,1,1,1,1,1,1,1,0,1,1,1,1,0,0,0,0,0,0,0,0,0,0,0,0,0,0,0,0,0,1
SRR6996795,0,0,0,0,0,0,0,0,0,0,1,0,0,1,0,0,0,0,0,0,0,0,0,0,0,0,2,0,1,0,1,1,0,0,0,1,0,2,1,0,0,0,0,0,1,1,0,0,0,1,0,2,1,0,1,0,0,2,0,0,0,1,1,1,1,1,1,1,1,2,0,0,0,0,0,0,1,0,1,1,1,0,1,1,0,0,0,2,0,0,0,0,1,2,0,1,1,1,1,0,1,1,0,0,1,0,0,0,0,0,0,0,0,1,1,1,1,1,0,1,1,1,0,0,0,0,0,0,0,0,0,0,0,0,0,2
SRR6996721,0,0,0,0,0,0,0,0,1,1,0,1,0,1,1,1,1,1,0,0,0,1,0,0,0,0,2,2,0,0,0,2,1,0,0,0,0,1,1,1,1,1,1,1,0,0,1,1,1,1,1,1,0,2,1,1,0,1,0,0,0,2,2,2,1,0,1,0,1,0,2,1,1,0,0,0,1,0,0,1,1,0,1,0,1,1,0,1,0,1,0,0,0,1,1,0,0,0,0,0,1,1,1,1,1,1,1,1,1,1,1,1,1,0,1,1,1,0,0,1,1,0,0,0,0,0,0,0,0,0,0,0,0,0,1,2
SRR6996725,0,0,0,0,0,0,0,0,2,2,1,0,0,0,0,0,1,0,0,0,0,1,0,0,0,0,2,0,2,0,0,1,0,1,1,1,0,0,1,0,0,2,0,0,1,2,2,0,0,0,0,0,0,0,0,0,0,0,1,1,1,1,1,1,0,0,0,0,1,1,1,0,0,0,0,0,0,1,0,0,1,0,1,1,1,1,0,1,0,1,0,0,0,1,0,1,0,0,0,0,0,0,0,0,0,2,0,0,0,0,0,0,0,0,0,0,0,0,1,1,1,0,1,1,1,1,1,1,1,1,0,0,0,0,1,2
SRR6996793,0,0,0,0,0,0,0,0,0,0,0,0,1,1,0,0,1,0,0,0,0,0,0,0,0,0,1,1,0,0,1,1,1,0,0,1,0,0,1,0,2,1,1,0,0,1,1,0,0,0,0,2,1,0,0,0,0,1,1,1,1,1,1,1,0,1,0,0,1,1,0,0,0,1,1,1,0,1,0,0,2,0,2,0,0,0,0,1,0,0,0,1,0,1,0,0,0,0,0,1,1,1,0,0,1,1,0,0,0,0,0,0,0,0,1,1,1,0,1,0,1,0,1,1,1,1,0,0,0,0,0,0,0,0,2,1
SRR6996699,1,0,0,0,0,0,0,0,0,0,0,1,0,1,1,0,0,0,0,0,0,0,0,0,0,0,1,1,1,0,0,2,0,0,0,1,0,1,0,0,0,1,0,1,2,2,1,0,0,0,0,1,1,1,1,0,0,0,0,0,0,2,2,2,0,0,0,1,1,1,0,0,1,0,0,1,1,0,0,0,1,0,1,1,1,0,0,2,0,0,0,1,0,0,1,0,0,0,0,0,0,0,0,0,0,2,0,0,0,0,0,0,0,0,0,0,0,0,0,0,0,2,0,0,0,0,0,0,0,0,0,0,0,0,0,1
SRR6996691,0,0,0,0,0,0,0,0,2,2,0,0,0,1,1,0,0,0,0,0,0,0,0,0,0,0,2,1,0,0,1,1,1,0,0,1,1,0,1,0,1,1,1,0,2,2,1,0,0,0,0,1,0,2,0,0,0,0,1,1,0,1,0,0,0,1,0,2,1,1,1,1,0,0,0,1,1,1,0,1,1,0,1,2,1,1,0,1,1,1,0,0,1,0,1,0,0,0,0,0,0,0,0,0,0,0,0,0,0,0,0,0,0,2,0,0,0,2,1,0,2,1,1,1,1,1,1,1,1,1,0,1,1,0,1,1
SRR6996769,0,0,0,0,0,0,0,0,0,0,1,0,0,1,0,0,0,0,0,0,0,1,0,0,0,0,0,1,0,0,2,0,0,0,0,1,1,1,0,0,1,1,1,0,0,0,0,0,0,0,0,0,0,0,1,0,0,0,0,0,0,2,2,2,1,0,1,0,0,2,0,0,1,0,0,0,0,0,0,0,1,0,1,1,1,1,1,0,0,2,1,1,0,1,1,0,0,0,0,0,0,0,0,0,0,1,0,0,0,0,0,0,0,0,0,0,0,0,1,1,1,0,0,0,0,0,0,0,0,0,1,1,2,1,2,2
SRR6996791,0,0,0,0,0,0,0,0,1,1,2,0,0,1,1,1,1,0,0,0,0,1,0,0,0,0,2,0,0,0,2,0,1,0,0,0,0,2,1,0,1,0,0,1,0,0,0,0,0,0,0,2,0,1,0,0,0,0,1,1,0,0,0,0,0,0,0,0,1,2,1,0,0,0,0,0,1,0,0,1,0,0,0,1,2,1,0,1,0,1,0,0,0,0,0,0,0,0,0,1,0,0,0,0,0,1,0,0,0,0,0,0,0,1,0,0,0,1,1,1,1,1,0,0,0,0,0,0,0,0,1,0,1,0,2,2
SRR6996663,0,0,0,0,0,0,0,0,1,1,0,0,0,2,0,0,1,1,0,0,0,1,0,0,0,0,2,0,0,0,0,1,1,1,1,1,0,0,1,0,0,1,1,0,0,1,2,0,0,0,0,2,1,0,0,1,0,1,1,1,0,1,1,1,1,0,1,1,2,1,1,1,0,0,0,0,0,0,1,0,1,0,1,2,2,1,0,0,0,2,0,1,0,1,0,0,0,0,0,0,0,0,0,0,0,1,0,0,0,0,0,0,0,1,0,0,0,1,0,0,0,0,1,1,1,1,1,1,1,1,1,1,1,0,1,1
SRR6996714,0,0,0,0,0,0,0,0,1,1,0,0,0,1,1,1,1,0,0,0,0,2,0,0,0,0,1,1,0,0,1,0,1,0,0,1,0,1,2,1,0,0,0,1,1,1,0,1,1,2,2,0,0,1,0,1,0,1,1,1,0,1,1,1,0,1,0,1,1,1,1,1,1,1,1,0,0,0,0,0,2,0,2,1,0,0,0,2,0,0,0,0,1,1,0,0,0,0,0,0,0,0,0,0,0,2,0,0,0,0,0,0,0,0,0,0,0,0,0,1,1,1,0,0,0,0,0,0,0,0,2,1,2,1,1,1
SRR6996683,1,0,0,0,0,0,0,0,0,0,1,0,0,1,0,0,0,0,0,0,0,1,0,0,0,0,0,1,1,1,0,2,1,0,0,0,0,1,0,0,1,0,0,1,1,1,1,0,0,0,0,1,0,1,1,0,0,0,1,1,0,0,0,0,0,2,0,1,0,1,1,1,0,0,0,0,0,1,0,1,0,0,0,2,0,2,0,0,0,2,0,0,0,2,1,0,0,0,0,1,0,0,0,0,0,1,0,0,0,0,0,0,0,0,0,0,0,1,1,0,0,1,0,0,0,0,0,0,0,0,1,0,1,0,1,1
SRR6996664,0,0,0,0,0,0,0,0,1,1,1,1,0,0,1,1,1,0,0,0,0,0,0,0,0,0,1,1,0,0,1,1,0,1,1,0,1,1,1,0,0,0,1,2,1,1,1,0,0,1,1,1,0,1,0,0,1,1,0,0,0,2,2,2,2,0,2,0,1,0,1,0,1,1,1,0,0,0,0,0,0,0,0,0,1,1,0,1,1,1,0,0,1,0,1,1,1,1,1,0,0,0,0,0,0,1,0,0,0,0,0,0,0,1,0,0,0,1,1,1,1,1,0,0,0,0,0,0,0,0,0,0,0,1,1,1
SRR6996685,0,0,0,0,0,0,0,0,1,1,1,0,0,1,1,0,0,0,0,0,0,0,0,0,0,0,1,1,0,0,0,2,1,1,1,0,1,1,1,0,1,1,1,0,2,2,0,0,0,0,0,1,0,0,1,0,0,1,0,0,1,2,2,2,1,1,1,0,2,1,0,0,1,0,0,0,2,0,0,1,1,0,1,1,2,1,0,0,0,1,0,0,2,0,1,0,0,0,0,1,1,1,1,1,1,0,1,1,1,1,1,1,1,0,1,1,1,1,1,1,0,0,0,0,0,0,0,0,0,0,2,2,2,0,2,1
SRR6996765,0,0,0,0,0,0,0,0,1,1,2,0,1,1,0,1,1,0,0,0,0,1,0,0,0,0,1,1,0,0,2,0,0,0,0,1,2,0,2,0,1,1,1,0,0,0,0,0,0,1,0,1,0,2,0,0,0,1,1,1,0,1,2,1,0,1,0,0,1,0,1,0,1,1,1,0,0,0,0,1,1,1,1,0,0,0,0,2,0,0,0,0,0,2,0,0,0,0,0,0,0,0,0,0,0,1,0,0,0,0,0,0,0,1,0,0,0,1,1,0,1,0,1,1,1,1,1,1,1,0,1,0,1,1,2,2
SRR6996761,0,0,0,0,0,0,0,0,0,0,1,0,0,1,1,0,0,0,0,0,0,1,0,0,0,0,0,1,0,0,1,1,0,0,0,0,0,1,1,0,1,2,0,1,0,0,0,0,0,1,1,2,0,1,0,0,0,0,0,0,0,1,1,1,0,1,0,2,0,0,0,0,1,1,1,1,1,1,0,1,0,0,0,0,0,1,0,1,1,1,0,0,1,1,0,1,1,1,1,1,0,0,0,0,0,0,0,0,0,0,0,0,0,2,0,0,0,2,1,1,1,0,0,0,0,0,0,0,0,0,0,0,1,1,2,1
SRR6996778,0,0,0,0,0,0,0,0,0,0,0,0,0,1,0,1,0,1,0,0,0,1,0,0,0,0,1,1,0,0,1,1,1,0,0,1,0,1,1,0,0,1,2,0,1,2,2,0,0,1,0,0,0,0,0,1,0,0,2,2,0,0,0,0,1,0,1,0,0,0,1,0,0,1,1,1,0,1,0,1,0,0,0,1,1,1,0,1,0,1,0,0,0,2,0,0,0,0,0,0,1,1,0,0,1,0,0,0,0,0,0,0,0,1,1,1,1,1,2,0,1,1,0,0,0,0,1,1,1,1,0,0,0,2,1,1
SRR6996749,0,0,0,0,0,0,0,0,0,0,2,0,0,0,0,0,0,0,0,0,0,0,0,0,0,0,0,0,0,0,0,1,1,0,0,1,0,1,2,1,0,1,0,0,1,1,2,1,1,2,1,0,1,1,0,0,0,0,1,1,0,1,1,1,0,1,0,2,2,1,0,0,2,0,0,1,0,0,0,1,2,1,2,1,0,1,0,1,0,1,0,0,0,1,0,1,1,1,1,0,0,0,0,0,0,0,0,0,0,0,0,0,0,2,0,0,0,2,1,1,1,0,0,0,0,0,0,0,0,0,0,0,0,1,0,1
SRR6996736,0,0,0,0,0,0,0,0,1,1,1,0,0,2,0,0,0,0,0,0,0,2,0,0,0,0,1,0,0,0,1,1,1,0,0,0,0,1,1,1,1,2,1,0,0,0,2,1,1,2,1,2,1,1,1,0,0,0,1,1,0,1,1,1,0,2,0,0,0,1,1,0,1,0,0,1,0,1,0,0,1,0,1,1,1,0,0,2,0,0,0,0,1,0,0,1,0,0,0,0,0,0,0,0,0,2,0,0,0,0,0,0,0,0,0,0,0,0,0,0,0,2,1,0,0,0,0,0,0,0,1,1,1,0,1,1
SRR6996783,1,0,0,0,0,0,0,0,0,0,2,0,0,1,0,0,0,1,0,0,0,1,0,0,0,0,0,0,0,0,2,0,0,0,0,0,0,1,0,0,2,1,0,0,1,1,1,0,0,0,0,2,0,1,0,1,0,0,1,1,0,1,1,1,2,0,2,0,2,0,1,1,0,0,0,1,0,0,0,1,2,0,2,2,1,0,1,1,0,1,1,1,0,1,0,1,0,0,0,0,0,0,0,0,0,0,0,0,0,0,0,0,0,1,0,0,0,2,0,1,0,1,0,0,0,0,0,0,0,0,1,0,1,0,1,1
SRR6996800,1,0,0,0,0,0,0,0,0,0,0,0,0,0,1,1,1,0,0,0,0,1,0,0,0,0,1,1,1,0,0,1,0,0,0,1,1,1,1,0,1,1,0,1,1,1,0,0,0,1,0,0,0,0,0,0,0,2,1,1,0,1,1,1,0,0,0,2,0,0,1,1,1,0,0,0,1,1,1,1,0,0,0,0,0,2,0,0,2,2,0,0,2,1,0,1,1,1,1,0,1,1,1,1,1,0,1,1,1,1,1,1,1,0,1,1,1,1,0,1,1,0,0,0,0,0,0,0,0,0,0,0,0,2,1,2
SRR6996682,0,1,1,1,1,1,1,1,0,0,2,0,0,0,0,0,0,1,0,0,0,1,0,0,0,0,0,1,0,0,0,0,1,0,0,0,1,1,1,1,0,0,1,0,0,0,0,0,0,0,0,0,1,1,0,0,0,1,1,1,0,0,0,0,0,1,0,1,0,0,1,0,1,0,0,0,1,2,0,1,0,0,0,1,0,0,0,2,0,0,0,0,0,1,0,1,0,0,0,0,0,0,0,0,0,2,1,0,0,0,0,0,0,0,0,0,0,0,0,0,0,1,0,0,0,0,0,0,0,0,1,0,0,0,1,1
SRR6996733,1,0,0,0,0,0,0,0,1,1,1,0,0,0,0,0,0,1,0,0,0,1,0,0,0,0,1,1,1,0,1,1,0,1,1,0,0,1,1,1,2,0,0,1,1,1,0,0,0,0,0,1,2,2,0,1,0,0,0,0,0,2,1,0,0,0,0,0,0,0,0,0,0,0,0,1,1,0,2,0,2,0,2,0,0,0,0,1,0,0,0,1,1,1,0,0,0,0,0,1,0,0,0,0,0,1,0,0,0,0,0,0,0,0,0,0,0,1,1,0,1,1,0,0,0,0,0,0,0,0,0,0,1,0,1,1
SRR6996768,1,2,2,2,2,2,2,2,0,0,1,0,0,1,0,0,0,0,0,0,0,1,0,0,0,0,0,2,0,0,1,0,2,0,0,0,0,1,0,0,0,1,0,0,0,0,0,1,1,1,1,0,1,0,0,1,0,1,1,1,0,1,1,1,0,0,0,1,0,1,2,1,0,0,0,1,1,1,0,1,2,1,2,0,0,2,0,0,0,2,0,0,0,1,1,0,0,0,0,0,1,1,0,0,1,0,0,0,0,0,0,0,0,1,1,1,1,1,0,0,1,1,0,0,0,1,0,1,1,0,0,0,0,0,1,2
SRR6996676,1,0,0,0,0,0,0,0,0,0,1,1,1,1,0,0,0,0,1,1,1,0,1,1,1,1,1,0,1,0,2,0,0,0,0,0,1,1,0,0,0,0,1,0,0,0,0,0,0,0,0,1,0,1,0,0,0,1,1,1,0,1,1,1,1,1,1,1,2,1,1,0,0,1,1,0,1,0,0,1,2,1,2,0,0,1,0,1,1,1,0,0,1,1,1,0,0,0,0,1,1,1,1,1,0,1,0,0,0,0,0,0,0,0,0,0,0,0,0,0,2,0,0,0,0,1,0,1,1,0,0,1,1,0,0,2
SRR6996754,0,0,0,0,0,0,0,0,0,0,1,0,0,0,0,2,1,0,0,0,0,1,0,0,0,0,0,2,0,0,0,2,0,0,0,1,0,1,0,0,1,2,2,0,0,0,2,1,1,2,1,0,0,0,0,0,0,0,1,1,0,1,1,2,0,2,0,0,2,0,2,1,0,0,0,0,0,0,0,1,1,1,1,0,1,2,0,0,0,2,0,0,0,1,0,1,0,0,0,1,0,0,0,0,0,2,0,0,0,0,0,0,0,0,0,0,0,0,2,0,1,0,0,0,0,0,0,0,0,0,2,0,2,0,1,2
SRR6996764,0,0,0,0,0,0,0,0,1,1,1,0,0,1,0,0,0,0,0,0,0,2,0,0,0,0,0,1,0,1,0,1,0,0,0,1,0,2,2,0,1,1,1,0,1,1,0,0,0,0,0,0,0,1,0,0,0,1,0,0,0,2,2,2,0,1,0,0,1,0,0,0,0,1,1,1,0,0,1,2,1,0,1,0,2,1,0,1,0,1,0,0,0,1,0,0,0,0,0,1,0,0,0,0,0,1,0,0,0,0,0,0,0,0,0,0,0,0,0,0,1,0,0,0,0,0,0,0,0,0,1,0,2,0,1,2
