,rs6660120,rs1993709,rs4322186,rs2797098,rs6424534,rs524219,rs2091510,rs12021920,rs984222,rs543874,rs10913469,rs2605100,rs28370041,rs939582,rs2867124,rs11127485,rs6548238,rs6745262,rs4854343,rs4854344,rs4854345,rs117879374,chr2_24935057_C_T,rs887913,rs17049906,rs702910,rs1026401,rs187205547,rs140440965,rs6784615,rs6445486,rs4687621,rs6795735,rs186470486,rs13078807,rs9816226,rs10938397,rs34749134,rs7687015,rs1800592,rs2099013,rs2112347,rs115287355,rs1042713,rs6556096,rs6861681,rs206936,rs6905288,rs987237,chr6_119696197_A_G,rs3814478,rs2948267,rs4727419,rs4729494,rs1404957,rs1639519,rs17150703,rs13278851,rs516175,rs76951015,rs4994,rs4735692,rs187224014,rs7079574,rs10508504,rs151269914,rs7081678,rs88032,rs4929949,rs112376394,rs3817334,rs142529541,rs7120548,rs10838738,rs660339,rs886538,rs657538,rs7138803,rs11109072,rs4500588,rs17089410,rs1957893,rs79090609,rs1957894,rs78628000,rs2531995,rs10163244,rs11860225,rs147340331,rs10500331,rs11643187,rs1946127,rs11077019,rs79774828,rs9937775,rs8049439,rs142922470,rs117430099,rs117696251,rs1421085,rs1558902,rs193231717,rs141115189,rs7190492,rs8044769,rs74884695,rs9929160,rs1424234,rs1424233,rs2317124,rs4783224,rs1993831,rs9890502,rs7503807,rs4798616,rs4797306,rs1805081,rs558699,rs73447671,rs571312,rs79912123,rs17782313,rs476828,rs78022601,rs12970134,rs146856830,rs79224334,rs75223771,rs4450508,rs29941,rs442398,rs435942,rs11084753,rs6081769,rs13041126,SEX
SRR6996678,2,2,1,2,2,2,2,1,1,0,0,2,0,2,2,2,2,1,2,2,2,0,0,1,1,2,2,0,0,2,2,2,1,0,0,2,2,0,0,0,2,2,0,1,2,0,1,2,0,2,0,2,2,2,2,2,0,0,0,0,0,0,0,2,0,0,0,0,1,0,1,0,1,1,0,2,2,0,0,2,0,2,0,2,0,1,0,0,0,0,0,1,1,0,2,0,0,0,0,0,0,0,0,1,1,0,2,1,1,2,2,2,0,1,2,2,2,2,0,0,0,0,0,0,0,0,0,0,0,0,0,0,0,2,0,1
SRR6996680,2,2,0,2,2,2,2,0,0,0,0,1,0,2,2,2,2,1,2,2,2,0,0,1,0,2,2,0,0,2,2,2,2,0,0,2,0,0,0,1,2,2,0,0,2,0,1,0,0,2,0,2,2,2,2,2,0,0,0,0,1,2,0,2,0,1,0,0,1,0,1,0,0,1,0,2,2,0,0,2,0,1,0,1,0,0,1,0,0,1,0,2,0,0,2,0,0,0,0,0,0,0,0,2,2,0,2,0,0,2,2,2,0,0,2,2,1,2,1,0,1,0,1,0,0,0,0,1,0,1,0,1,2,2,1,1
SRR6996672,2,2,0,2,2,2,2,1,2,0,0,2,0,2,2,2,2,0,2,2,2,0,0,2,0,2,2,0,0,2,2,2,2,0,0,2,1,0,1,1,2,1,0,0,2,0,1,1,1,2,0,2,2,2,2,2,0,0,0,0,0,1,0,2,1,0,0,0,1,0,0,0,1,0,1,2,2,0,1,2,0,0,1,0,0,0,1,0,0,0,0,1,1,1,2,0,0,0,0,1,1,0,0,1,1,0,2,1,1,2,2,2,1,0,2,2,1,2,0,1,0,1,1,0,1,0,0,0,1,0,0,0,0,2,1,0
SRR6996718,2,2,1,2,2,2,2,1,0,0,1,2,0,2,2,2,2,0,2,2,2,0,0,1,0,2,2,0,0,2,2,2,2,0,0,2,1,0,2,2,2,1,0,1,2,0,1,2,0,2,0,2,2,2,2,2,0,0,0,0,0,0,0,2,0,0,0,0,1,0,0,0,0,0,0,2,2,0,0,2,0,1,1,1,0,0,0,0,0,0,0,1,1,0,2,1,0,0,0,1,1,0,0,2,2,0,2,1,1,2,2,2,1,0,2,2,1,2,0,0,0,0,0,0,0,0,0,0,0,2,2,1,2,2,0,0
SRR6996766,2,2,0,2,2,2,2,0,1,0,1,1,0,2,2,2,2,1,2,2,2,0,0,0,1,2,2,1,0,2,2,2,1,0,0,2,0,0,1,1,2,0,0,0,2,0,1,2,1,2,0,2,2,2,2,2,0,0,0,0,0,1,0,2,0,0,0,0,1,0,0,0,1,0,0,2,2,0,0,2,0,1,0,1,0,1,0,0,0,0,0,2,0,0,2,1,0,0,0,0,0,0,1,2,1,0,2,0,0,2,2,2,1,0,2,2,0,2,0,1,0,1,1,0,0,0,0,0,1,1,1,0,2,2,0,1
SRR6996727,2,2,0,2,2,2,2,1,0,0,0,2,0,2,2,2,2,2,2,2,2,0,0,0,1,2,2,0,0,2,2,2,1,1,0,2,1,0,1,1,2,2,0,1,2,0,2,2,0,2,0,2,2,2,2,2,0,0,0,0,0,2,0,2,0,0,0,0,1,0,0,0,1,0,0,2,2,0,0,2,0,0,0,0,0,0,0,1,0,0,1,2,1,0,2,1,0,0,0,1,1,0,0,1,1,0,2,2,2,2,2,2,0,1,2,2,1,2,0,0,0,0,0,0,0,0,0,0,0,0,0,0,0,2,0,1
SRR6996767,2,2,0,2,2,2,2,0,1,0,0,1,0,2,2,2,2,1,2,2,2,0,0,0,0,2,2,0,0,2,2,2,1,0,0,2,1,0,1,1,2,2,0,0,2,0,2,2,0,2,0,2,2,2,2,2,0,0,1,0,0,1,0,2,0,0,0,0,1,0,0,0,1,0,1,2,2,0,0,2,1,1,0,1,0,1,0,0,0,0,0,2,1,0,2,1,0,0,0,1,1,0,0,2,2,0,2,1,1,2,2,2,0,0,2,2,1,2,0,0,0,0,0,0,1,0,0,0,1,1,1,0,1,2,1,1
SRR6996707,2,2,1,2,2,2,2,0,1,1,1,1,0,2,2,1,2,1,2,2,2,0,0,0,0,2,2,0,0,2,2,2,2,0,0,2,1,0,1,1,2,1,0,2,2,1,1,2,0,2,0,2,2,2,2,2,0,0,0,0,0,2,0,2,0,0,1,0,2,0,1,0,1,1,1,2,2,1,1,2,0,2,0,2,0,0,1,0,0,1,0,1,1,0,2,1,0,0,0,0,0,0,1,2,0,0,2,1,1,2,2,2,0,0,2,2,0,2,0,1,0,1,1,0,2,0,0,0,2,0,0,0,0,2,0,0
SRR6996743,2,2,0,2,2,2,2,0,1,0,1,0,0,2,2,2,2,0,2,2,2,0,1,1,0,2,2,0,0,2,2,2,2,0,0,1,0,0,1,1,2,1,0,2,2,0,1,0,1,2,0,2,2,2,2,2,0,0,0,0,0,1,0,2,0,0,1,0,1,0,2,0,0,2,0,2,2,0,0,2,0,2,0,2,0,1,0,0,0,0,0,1,0,0,2,0,0,0,0,0,0,0,0,2,1,0,2,0,0,2,2,2,0,0,2,2,0,2,0,1,0,1,1,0,1,0,0,0,1,0,0,0,0,2,0,0
SRR6996751,2,2,0,2,2,2,2,0,1,0,0,2,1,2,2,1,2,0,2,2,2,0,0,2,0,2,2,0,0,2,2,2,2,0,0,2,2,0,0,0,2,1,0,1,2,0,1,2,0,2,0,2,2,2,2,2,0,0,0,0,1,1,0,2,0,0,0,0,1,0,1,0,0,1,2,2,2,1,0,2,0,1,0,1,0,0,0,0,0,0,0,1,0,0,2,0,0,0,0,0,0,0,0,1,1,0,2,0,0,2,2,2,0,1,2,2,0,2,0,0,0,0,0,0,0,0,0,0,0,0,0,0,0,2,1,0
SRR6996757,2,2,1,2,2,2,2,0,2,2,1,2,0,2,2,2,2,1,2,2,2,0,0,1,1,2,2,0,0,2,2,2,2,0,0,2,2,0,0,2,2,0,0,1,2,0,0,1,0,2,0,2,2,2,2,2,0,0,0,0,1,2,0,2,0,1,0,0,1,0,0,0,2,0,0,2,2,0,1,2,1,2,0,2,0,1,2,0,0,1,0,1,0,0,2,0,0,0,0,0,0,0,0,1,1,0,2,0,0,2,2,2,0,0,2,2,1,2,0,0,0,0,0,1,0,0,1,0,0,0,0,1,1,2,0,1
SRR6996662,2,2,0,2,2,2,2,0,1,1,0,1,0,2,2,2,2,2,2,2,2,0,0,1,0,2,2,0,0,2,2,2,1,0,0,1,1,0,1,1,2,1,0,1,2,0,2,2,0,2,0,2,2,2,2,2,2,2,1,0,0,2,0,2,0,0,0,0,0,0,1,0,1,1,2,2,2,0,0,2,0,2,0,2,0,0,0,0,0,0,0,1,1,0,2,0,0,0,0,1,1,0,0,2,2,0,2,1,1,2,2,2,1,0,2,2,1,2,0,0,0,0,0,0,0,0,0,0,0,0,0,1,1,2,0,0
SRR6996755,2,2,0,2,2,2,2,0,2,0,0,1,0,2,2,1,2,1,2,2,2,0,0,1,0,2,2,0,0,2,2,2,1,0,0,2,0,0,0,1,2,2,0,2,2,0,1,2,1,2,0,2,2,2,2,2,0,0,1,0,0,2,0,2,0,0,0,0,0,0,1,0,0,1,1,2,2,1,0,2,0,2,0,2,0,2,2,0,0,2,0,0,0,0,2,1,0,0,0,0,0,0,0,2,2,0,2,0,0,2,2,2,2,0,2,2,0,2,0,1,0,1,1,0,2,0,0,0,2,0,0,0,0,2,1,1
SRR6996690,2,2,0,2,2,2,2,0,2,0,0,1,0,2,2,2,2,1,2,2,2,0,0,1,0,2,2,0,0,2,2,2,2,0,0,2,1,0,0,1,2,0,0,1,2,0,1,0,0,2,0,2,2,2,2,2,0,0,0,0,1,2,0,2,0,0,0,0,1,0,0,0,1,0,1,2,2,0,1,2,0,1,0,1,0,0,1,0,0,0,0,2,0,0,2,0,0,0,0,1,1,0,0,2,2,0,2,1,1,2,2,2,0,1,2,2,0,2,0,1,0,1,1,0,1,0,0,0,0,1,0,1,2,2,2,0
SRR6996702,2,2,0,2,2,2,2,1,2,1,1,1,0,2,2,2,2,0,2,2,2,0,0,0,0,2,2,0,0,2,2,2,2,0,0,2,1,0,0,1,2,1,0,1,2,0,1,2,1,2,0,2,2,2,2,2,1,1,1,0,0,1,0,2,0,0,0,0,1,0,0,0,1,0,2,2,2,0,1,2,0,2,0,2,0,0,1,0,0,0,0,2,1,0,2,0,0,0,0,0,0,0,0,2,2,0,2,0,0,2,2,2,1,1,2,2,0,2,0,0,0,0,0,0,0,0,0,0,0,0,0,0,0,2,1,0
SRR6996686,2,2,0,2,2,2,2,0,1,0,0,2,0,2,2,2,2,0,2,2,2,0,0,1,0,2,2,0,0,2,2,2,0,0,0,2,0,0,0,2,2,1,0,1,2,0,2,2,0,2,0,2,2,2,2,2,1,1,1,1,1,1,0,2,0,0,0,0,1,0,0,0,1,0,1,2,2,0,0,2,0,1,0,1,0,1,0,1,0,0,1,0,0,0,2,1,0,0,0,0,0,0,0,1,0,0,2,0,0,2,2,2,1,0,2,2,1,2,0,0,0,0,0,0,0,0,0,0,0,0,0,0,0,2,1,0
SRR6996726,2,2,0,2,2,2,2,0,1,0,0,1,2,2,2,2,2,1,2,2,2,0,0,1,0,2,2,0,0,2,2,2,1,0,0,2,0,0,0,1,2,2,0,1,2,0,2,2,0,2,0,2,2,2,2,2,0,0,0,0,0,1,0,2,0,0,0,0,1,0,0,0,2,0,0,2,2,1,0,2,0,2,0,2,0,0,0,0,0,0,0,1,0,0,2,0,0,0,0,0,0,0,0,2,2,0,2,2,2,2,2,2,0,0,2,2,0,2,0,0,0,0,0,0,0,0,0,0,0,1,1,1,2,2,0,1
SRR6996787,2,2,0,2,2,2,2,0,1,0,0,2,0,1,1,1,1,0,1,1,1,0,0,1,0,2,2,0,0,2,2,2,2,0,1,1,0,2,0,1,2,1,0,2,2,1,2,2,1,2,0,2,2,2,2,2,1,1,1,0,1,1,0,2,0,0,0,0,1,0,0,0,0,0,0,2,2,0,0,2,1,2,0,2,0,1,0,1,0,0,1,2,0,0,2,0,0,0,0,1,1,0,0,1,1,0,2,0,0,2,2,2,1,0,2,2,0,2,0,0,0,0,0,0,0,0,0,0,0,1,0,1,1,2,1,1
SRR6996799,2,2,0,2,2,2,2,0,1,1,1,1,0,2,2,2,2,0,2,2,2,0,0,0,1,2,2,0,0,2,2,2,1,0,0,2,0,2,1,2,2,1,0,0,2,0,1,2,0,2,0,2,2,2,2,2,0,0,0,0,0,1,0,2,0,0,0,2,1,0,2,0,0,2,1,2,2,2,0,2,1,1,0,1,0,1,2,0,0,0,0,0,0,0,2,0,0,0,0,0,0,0,0,2,2,0,2,0,0,2,2,2,0,1,2,2,0,2,0,1,0,1,1,0,1,0,0,0,1,2,1,1,2,2,0,0
SRR6996706,2,2,0,2,2,2,2,0,1,0,0,1,0,1,1,1,1,0,1,1,1,0,0,2,0,2,2,0,0,2,2,2,2,0,0,2,1,0,1,2,2,1,0,2,2,0,1,0,0,2,0,2,2,2,2,2,0,0,0,0,0,2,0,2,0,0,0,0,0,0,0,0,1,0,1,2,2,0,0,2,0,1,0,1,0,1,1,0,0,0,0,1,0,0,2,1,0,0,0,0,0,0,0,1,1,0,2,1,1,2,2,2,0,1,2,2,0,2,0,0,0,0,0,0,0,0,0,0,0,1,0,1,1,2,0,0
SRR6996677,2,2,0,2,2,2,2,0,1,0,0,1,0,2,2,2,2,1,2,2,2,0,0,1,1,2,2,0,0,2,2,2,2,0,0,2,2,0,0,1,2,1,0,2,2,0,0,1,0,2,0,2,2,2,2,2,2,2,1,0,0,2,0,2,1,0,0,0,1,0,1,0,0,1,2,2,2,1,0,2,0,1,0,1,0,0,1,1,0,2,1,1,0,0,2,2,0,0,0,0,0,0,0,1,0,0,2,0,0,2,2,2,0,0,2,2,0,2,0,0,0,0,0,0,0,0,0,0,0,0,0,1,1,2,0,1
SRR6996770,2,2,0,2,2,2,2,0,1,0,1,2,0,2,2,2,2,1,2,2,2,0,0,1,0,2,2,0,0,2,2,2,1,0,0,2,1,0,0,1,2,1,0,1,2,0,1,2,0,2,0,2,2,2,2,2,0,0,0,0,0,0,0,2,1,0,0,0,1,0,1,0,1,1,0,2,2,0,0,2,0,2,0,2,0,0,0,0,0,0,0,2,1,0,2,1,0,0,0,1,1,0,0,2,2,1,2,0,0,2,2,2,1,1,2,2,0,2,0,0,0,0,0,0,0,0,0,0,0,1,1,1,1,2,1,0
SRR6996701,2,2,0,2,2,2,2,1,1,1,1,2,0,2,2,2,2,1,2,2,2,0,0,0,1,2,2,0,0,2,2,2,1,0,0,2,1,0,0,1,2,1,0,2,2,0,1,1,0,2,0,2,2,2,2,2,0,0,0,0,0,1,0,2,0,0,0,0,0,0,1,0,0,1,0,2,2,0,1,2,0,2,0,2,0,0,1,0,0,0,0,1,0,0,2,1,0,0,0,0,0,0,0,0,0,0,2,2,2,2,2,2,0,0,2,2,0,2,1,0,1,0,1,0,0,0,0,1,0,1,1,1,1,2,0,1
SRR6996684,2,2,0,2,2,2,2,0,2,1,1,2,0,2,2,2,2,0,2,2,2,0,0,0,0,2,2,0,0,2,2,2,2,0,0,2,1,0,1,1,2,2,0,1,2,0,1,1,0,2,0,2,2,2,2,2,0,0,0,0,0,1,0,2,0,0,0,0,2,0,1,0,0,1,1,2,2,1,1,2,0,2,0,2,0,2,1,0,0,0,0,0,1,0,2,0,0,0,0,0,0,0,0,1,0,0,2,1,1,1,2,2,0,1,2,2,2,2,0,0,0,0,0,0,0,0,0,0,0,0,0,1,2,2,1,0
SRR6996772,2,1,0,2,2,2,2,0,1,0,0,2,0,2,2,2,2,0,2,2,2,0,0,1,0,2,2,0,0,2,2,2,1,0,0,1,0,0,0,0,2,2,0,0,2,0,1,2,0,2,0,2,2,2,2,2,0,0,1,0,0,2,0,2,0,0,0,0,1,0,0,0,2,0,1,2,2,0,1,2,0,2,0,2,0,2,1,0,0,0,0,1,1,0,2,1,0,0,0,2,2,0,0,2,2,0,2,2,2,2,2,2,0,0,2,2,0,2,0,1,0,1,1,0,1,0,0,0,1,0,0,0,0,2,0,0
SRR6996773,2,2,1,2,2,2,2,0,1,0,0,1,0,2,2,2,2,1,2,2,2,0,0,1,0,2,2,0,0,2,2,2,1,0,0,2,1,0,1,1,2,2,0,1,2,0,1,1,1,2,0,2,2,2,2,2,1,1,1,1,0,1,0,2,0,0,0,0,1,0,0,0,1,0,1,2,2,1,1,2,1,1,0,1,0,1,0,0,0,0,0,2,0,0,2,1,0,0,0,0,0,0,0,0,0,0,2,1,1,2,2,2,1,1,2,2,0,2,1,0,1,0,1,0,0,0,0,1,0,1,1,1,1,2,1,0
SRR6996789,2,2,0,2,2,2,2,0,2,1,1,2,0,1,1,1,1,1,1,1,1,0,0,0,1,2,2,0,0,2,2,2,2,0,0,2,0,2,0,1,2,1,0,1,2,0,1,1,0,2,0,2,2,2,2,2,2,2,2,0,1,0,0,2,0,0,0,0,0,0,1,0,0,1,0,2,2,0,1,2,0,2,0,2,0,0,1,0,0,0,0,1,0,0,2,1,0,0,0,0,0,0,0,1,2,0,2,0,0,2,2,2,0,1,2,2,1,2,0,0,0,0,0,0,0,0,0,0,0,0,0,0,0,2,0,1
SRR6996709,2,2,0,2,2,2,2,0,1,0,0,1,0,2,2,2,2,0,2,2,2,0,0,1,0,2,2,0,0,2,2,2,2,0,0,2,0,0,0,1,2,1,0,1,2,0,2,1,0,2,0,2,2,2,2,2,0,0,0,0,2,1,0,2,0,0,0,0,0,0,0,0,0,0,2,2,2,0,0,2,0,1,0,1,0,1,2,0,0,1,0,1,1,0,2,0,0,0,0,0,0,0,0,0,0,0,2,0,0,2,2,2,0,0,2,2,0,2,0,2,0,2,2,0,1,0,0,0,1,1,0,1,1,2,0,0
SRR6996692,2,2,0,2,2,2,2,2,1,1,1,1,0,2,2,2,2,2,2,2,2,0,0,1,0,2,2,0,0,2,2,2,2,0,0,1,0,0,1,1,2,2,0,1,2,0,0,2,0,2,0,2,2,2,2,2,1,1,1,0,0,1,0,2,0,0,0,0,1,0,2,0,0,2,1,2,2,2,1,2,0,1,0,1,0,0,0,0,0,0,0,1,1,0,2,2,0,0,0,0,0,0,0,2,2,0,2,1,1,2,2,2,0,2,2,2,1,2,0,0,0,0,0,0,0,0,0,0,0,0,0,1,1,2,1,1
SRR6996744,2,2,0,2,2,2,2,0,2,1,1,2,0,2,2,2,2,0,2,2,2,0,0,1,1,2,2,0,0,2,2,2,2,0,0,2,0,0,1,2,2,1,0,1,2,0,2,1,0,2,0,2,2,2,2,2,0,0,0,0,1,2,0,2,0,0,0,0,0,0,2,0,0,2,0,2,2,0,0,2,0,1,0,1,0,0,1,0,0,0,0,2,0,0,2,0,0,0,0,0,0,0,0,1,1,0,2,2,2,2,2,2,0,1,2,2,1,2,0,1,0,1,1,0,1,0,0,0,0,0,0,0,0,2,1,0
SRR6996782,2,2,0,2,2,2,2,0,2,1,1,1,0,1,1,1,1,0,1,1,1,0,0,2,0,2,2,0,0,2,2,2,0,0,0,2,2,0,1,2,2,1,0,2,2,0,1,1,0,2,0,2,2,2,2,2,0,0,0,0,2,1,0,2,0,0,0,0,0,0,0,0,2,0,0,2,2,2,0,2,0,2,0,2,0,0,2,0,0,0,0,1,0,0,2,1,0,0,0,0,0,0,0,2,2,0,2,0,0,2,2,2,1,0,2,2,1,2,0,1,0,1,1,0,1,0,0,0,1,0,0,0,0,2,2,1
SRR6996671,2,2,0,2,2,2,2,0,1,0,0,2,0,2,2,2,2,2,2,2,2,0,0,1,0,2,2,0,0,2,2,2,0,0,0,2,0,0,1,1,2,1,0,0,2,0,2,2,1,2,0,2,2,2,2,2,0,0,0,0,0,0,0,2,0,0,0,0,1,0,0,0,0,0,2,2,2,0,1,2,1,1,0,1,0,1,2,0,0,1,0,1,0,0,2,1,0,0,0,0,0,0,0,2,2,0,2,0,0,2,2,2,1,0,2,2,0,2,0,1,0,1,1,0,1,0,0,0,1,0,0,0,0,2,1,0
SRR6996695,2,2,0,2,2,2,2,0,0,0,0,2,0,2,2,2,2,0,2,2,2,0,0,1,0,2,2,0,0,2,2,2,2,0,0,2,1,0,0,2,2,0,0,0,2,1,0,1,0,2,0,2,2,2,2,2,1,1,1,0,0,2,0,2,0,0,0,0,1,0,1,0,0,1,0,2,2,1,0,2,1,2,0,2,0,1,1,0,0,0,0,1,1,0,2,1,0,0,0,2,2,0,0,2,2,0,2,0,0,2,2,2,0,1,2,2,1,2,0,0,0,0,0,0,0,0,0,0,0,1,0,1,1,2,1,1
SRR6996738,2,2,0,2,2,2,2,1,0,1,1,1,0,2,2,2,2,1,2,2,2,0,0,1,0,2,2,0,0,2,2,2,2,0,0,2,1,0,1,2,2,2,0,1,2,0,1,2,0,2,0,2,2,2,2,2,0,0,0,0,0,1,0,2,0,0,0,0,1,0,1,0,0,1,1,2,2,1,0,2,0,2,0,2,0,1,0,0,0,0,0,2,0,0,2,1,0,0,0,0,0,0,0,2,2,0,2,0,0,2,2,2,1,0,2,2,1,2,1,0,1,0,1,0,0,0,0,1,0,1,0,0,1,2,0,0
SRR6996687,2,2,0,2,2,2,2,0,0,0,0,2,0,2,2,2,2,1,2,2,2,0,0,1,0,2,2,0,0,2,2,2,2,0,0,1,0,0,0,0,2,1,0,1,2,0,1,1,2,2,2,2,2,2,2,2,0,0,0,0,0,0,0,2,0,1,0,0,0,0,1,0,1,1,0,2,2,2,0,2,0,0,2,0,1,0,1,0,0,0,0,1,0,0,2,1,0,0,0,0,0,0,0,0,0,0,2,0,0,2,2,2,2,0,2,2,1,2,1,0,1,0,1,0,0,0,0,1,1,0,0,1,2,2,0,0
SRR6996747,2,2,0,2,2,2,2,0,2,0,1,2,0,1,1,1,1,0,1,1,1,0,0,1,0,2,2,0,0,2,2,2,1,0,0,2,1,0,0,0,2,0,0,1,2,0,0,2,1,2,0,2,2,2,2,2,0,0,0,0,1,2,0,2,0,0,0,0,1,0,2,0,0,2,1,2,2,0,0,2,0,2,0,2,0,1,2,0,0,0,0,2,0,0,2,0,0,0,0,0,0,0,0,1,1,0,2,1,1,2,2,2,1,1,2,2,0,2,0,0,0,0,0,0,0,0,0,0,0,1,0,0,1,2,1,0
SRR6996724,2,1,0,2,2,2,2,1,1,0,0,2,0,1,1,1,1,0,1,1,1,0,0,2,0,2,2,0,0,2,2,2,1,0,0,2,0,0,0,2,2,1,0,1,2,0,1,1,0,2,0,2,2,2,2,2,1,1,1,0,1,2,0,2,0,0,0,0,0,0,1,0,1,1,1,2,2,0,1,2,1,2,0,2,0,2,0,0,0,0,0,2,0,0,2,0,0,1,1,0,0,0,0,1,1,0,2,0,0,2,2,2,0,1,2,2,0,2,0,0,0,0,0,0,0,0,0,0,0,1,1,1,1,2,1,0
SRR6996729,2,2,0,2,2,2,2,0,2,0,0,0,0,2,2,2,2,1,2,2,2,0,0,0,0,2,2,0,0,2,2,2,2,0,0,2,1,0,0,1,2,2,0,2,2,0,1,2,0,2,0,2,2,2,2,2,0,0,1,0,0,2,0,2,0,0,0,0,0,0,0,0,0,0,2,2,2,1,0,2,0,2,0,2,0,1,0,0,0,0,0,1,0,0,2,1,0,0,0,0,0,0,0,0,0,0,2,1,1,2,2,2,2,0,2,2,0,2,0,1,0,1,1,0,1,0,0,0,1,1,1,1,1,2,0,0
SRR6996739,2,2,0,2,2,2,2,1,2,0,0,2,0,2,2,2,2,0,2,2,2,0,0,1,1,2,2,0,0,2,2,2,2,0,0,2,1,0,0,1,2,1,0,0,2,0,1,1,0,2,0,2,2,2,2,2,0,0,0,0,0,2,0,2,0,0,0,0,1,0,1,0,0,1,0,2,2,1,0,2,0,2,0,2,0,1,1,1,0,0,1,1,0,0,2,0,0,0,0,0,0,0,0,1,1,0,2,1,1,2,2,2,1,0,2,2,0,2,0,0,0,0,0,0,0,0,0,0,0,0,1,1,1,2,1,0
SRR6996715,2,2,0,2,2,2,2,0,0,0,0,2,0,2,2,2,2,1,2,2,2,0,0,0,0,2,2,0,0,2,2,2,1,0,0,2,1,0,1,1,2,0,0,2,2,0,2,1,0,2,0,2,2,2,2,2,0,0,0,0,1,1,0,2,0,0,0,0,0,0,1,0,1,1,1,2,2,0,0,2,1,0,1,0,0,1,0,0,0,0,0,1,0,0,2,0,1,0,0,0,0,0,0,1,0,0,2,0,0,2,2,2,2,0,2,2,1,2,0,0,0,0,0,0,1,0,0,0,1,1,1,1,1,2,1,0
SRR6996667,2,2,0,2,2,2,2,1,1,0,0,2,0,2,2,2,2,1,2,2,2,0,0,1,0,2,2,0,0,2,2,2,2,0,0,2,1,0,0,1,2,1,0,2,2,0,1,1,0,2,0,2,2,2,2,2,0,0,0,0,0,2,0,2,0,0,0,0,1,0,1,0,0,1,2,2,2,0,1,2,0,2,0,2,0,1,0,0,0,0,0,1,0,0,2,1,0,0,0,0,0,0,0,1,1,0,2,0,0,2,2,2,0,1,2,2,0,2,0,2,0,2,2,0,2,0,0,0,2,0,0,0,0,2,1,0
SRR6996762,2,2,0,2,2,2,2,1,1,0,1,2,0,2,2,2,2,0,2,2,2,0,0,1,0,2,2,0,0,2,2,2,2,0,0,2,1,0,0,0,2,2,0,1,2,0,0,1,1,2,0,2,2,2,2,2,0,0,0,0,1,2,0,2,0,0,0,0,0,0,0,0,1,0,0,2,2,1,0,2,1,2,0,2,0,1,1,0,0,0,0,2,0,0,2,0,0,0,0,0,0,0,0,2,2,0,2,1,1,2,2,2,0,1,2,2,1,2,0,2,0,2,2,0,2,0,0,0,2,1,1,1,1,2,1,1
SRR6996746,2,2,0,2,2,2,2,0,2,1,1,2,0,2,2,2,2,1,2,2,2,0,0,0,1,2,2,0,0,2,2,2,1,0,0,2,1,0,0,1,2,2,0,0,2,1,1,2,0,2,0,2,2,2,2,2,0,0,0,0,0,1,0,2,1,0,0,0,1,0,2,0,0,2,0,2,2,0,0,2,0,1,1,1,0,1,1,0,0,1,0,1,0,0,2,1,0,0,0,0,0,0,0,1,1,0,2,2,2,2,2,2,0,1,2,2,0,2,0,1,0,1,1,0,1,0,0,0,1,1,1,1,1,2,0,0
SRR6996711,2,2,1,2,2,2,2,0,1,0,1,2,0,2,2,2,2,1,2,2,2,0,0,0,1,2,2,0,0,2,2,2,1,0,0,2,1,0,0,2,2,2,0,1,2,0,2,1,0,2,0,2,2,2,2,2,0,0,0,0,0,0,0,2,0,0,0,0,1,0,0,0,1,0,1,2,2,1,1,2,0,1,0,1,0,0,2,0,0,2,0,1,1,0,2,1,0,0,0,0,0,0,0,2,1,0,2,1,1,2,2,2,1,0,2,2,0,2,0,0,0,0,0,0,0,0,0,0,0,0,0,0,1,2,0,0
SRR6996697,2,2,0,2,2,2,2,1,1,0,0,2,0,2,2,2,2,0,2,2,2,0,0,2,0,2,2,0,0,2,2,2,2,0,0,2,0,0,0,1,2,1,0,1,2,0,0,2,0,2,0,2,2,2,2,2,0,0,1,0,2,0,0,2,1,0,0,0,1,0,0,0,1,0,1,2,2,1,0,2,0,1,0,1,0,0,0,0,0,0,0,1,0,0,2,0,0,0,0,0,0,0,0,1,1,0,2,1,1,2,2,2,0,1,2,2,0,2,0,1,0,1,1,0,1,0,0,0,2,2,1,1,2,2,1,1
SRR6996696,2,2,0,2,2,2,2,1,2,1,2,1,0,2,2,2,2,1,2,2,2,0,0,1,1,2,2,0,0,2,2,2,2,0,0,2,1,0,1,2,2,0,0,2,2,0,2,2,0,2,0,2,2,2,2,2,1,1,1,0,0,1,0,2,1,0,0,0,0,0,0,0,1,0,1,2,2,1,0,2,0,1,0,1,0,0,0,1,0,0,1,0,0,0,2,1,0,0,0,2,2,0,0,2,2,0,2,1,1,2,2,2,1,0,2,2,0,2,0,0,0,0,0,0,0,0,0,0,0,1,0,1,1,2,0,0
SRR6996758,2,2,0,2,2,2,2,0,2,0,0,2,0,2,2,2,2,1,2,2,2,0,0,0,1,2,2,0,0,2,2,2,2,0,0,1,1,0,0,1,2,1,0,2,2,0,0,2,0,2,0,2,2,2,2,2,0,0,0,0,1,1,0,2,1,0,0,0,0,0,1,0,0,1,2,2,2,0,1,2,0,1,0,1,0,2,2,0,0,0,0,2,0,0,2,1,0,0,0,0,0,0,0,2,1,0,2,1,1,2,2,2,0,1,2,2,2,2,0,0,0,0,0,0,0,0,0,0,0,0,0,0,0,2,0,1
SRR6996669,2,2,0,2,2,2,2,0,2,1,1,2,0,2,2,2,2,0,2,2,2,0,0,1,1,2,2,0,0,2,2,2,2,0,0,2,1,0,0,1,2,1,0,1,2,0,1,2,0,2,0,2,2,2,2,2,0,0,0,0,0,1,1,2,0,0,0,0,1,0,1,0,0,1,2,2,2,2,1,2,0,1,0,1,0,1,1,0,0,0,0,2,1,0,2,0,0,0,0,0,0,0,0,2,1,0,2,0,0,2,2,2,0,0,2,2,0,2,0,0,0,0,0,0,0,0,0,0,0,0,1,1,1,2,2,0
SRR6996705,2,2,0,2,2,2,2,1,0,0,0,1,0,1,1,1,1,1,1,1,1,0,0,2,0,2,2,0,0,2,2,2,2,0,0,2,1,0,0,1,2,1,0,1,2,0,1,1,0,2,0,2,2,2,2,2,1,1,1,0,0,1,0,2,0,0,0,0,0,0,2,0,0,2,0,2,2,1,1,2,0,2,0,2,0,0,1,0,0,0,0,1,0,0,2,0,1,0,0,1,1,0,0,1,1,0,2,0,0,2,2,2,0,0,2,2,1,2,0,0,0,0,0,0,0,0,0,0,0,1,1,1,1,2,0,0
SRR6996732,2,2,0,2,2,2,2,0,2,1,0,2,0,1,1,1,1,1,1,1,1,0,0,1,1,2,2,0,0,2,2,2,1,0,0,2,1,0,0,1,2,1,0,1,2,0,1,2,0,2,0,2,2,2,2,2,1,1,1,0,0,1,0,2,0,0,1,0,0,0,0,0,1,0,2,2,2,0,0,2,0,1,0,1,0,1,0,1,0,0,1,1,0,0,2,0,0,0,0,0,0,0,0,1,1,0,2,0,0,2,2,2,2,0,2,2,0,2,0,0,0,0,0,0,0,0,0,0,0,0,0,0,0,2,0,1
SRR6996745,2,2,0,2,2,2,2,0,1,0,0,2,1,2,2,2,2,1,2,2,2,0,0,0,0,2,2,0,0,2,2,2,1,0,0,2,0,0,0,2,2,2,0,1,2,0,1,2,0,2,0,2,2,2,2,2,0,0,0,0,0,1,0,2,0,0,0,0,1,0,1,0,0,1,1,2,2,0,0,2,0,2,0,2,0,1,1,0,0,0,0,0,0,0,2,0,0,0,0,0,0,0,0,2,1,0,2,0,0,2,2,2,0,1,2,2,0,2,0,1,0,1,1,0,1,0,0,0,1,0,0,0,0,2,0,0
SRR6996790,2,2,0,2,2,2,2,0,1,0,0,2,0,2,2,2,2,0,2,2,2,0,0,1,0,2,2,0,0,2,2,2,2,0,0,2,0,2,0,0,2,1,0,0,2,2,2,2,1,2,0,2,2,2,2,2,0,0,0,0,0,2,0,2,0,0,0,0,1,0,0,0,1,0,2,2,2,0,0,2,1,1,0,1,0,0,0,0,0,0,0,2,0,0,2,1,0,0,0,0,0,0,0,2,1,0,2,0,0,2,2,2,1,1,2,2,0,2,0,0,0,0,0,0,0,0,0,0,1,0,0,0,0,2,2,0
SRR6996784,2,2,0,2,2,2,2,0,1,0,0,1,0,2,2,2,2,0,2,2,2,0,0,0,2,2,2,0,0,2,2,2,2,1,0,2,0,0,0,1,2,2,0,0,2,0,2,1,0,2,0,2,2,2,2,2,1,1,1,0,0,1,0,2,0,0,0,0,0,0,0,0,1,0,2,2,2,0,1,2,1,1,0,1,0,1,1,0,0,0,0,1,0,2,2,0,0,0,0,0,0,0,0,2,1,0,2,1,1,2,2,2,0,1,2,2,0,2,0,0,0,0,0,0,0,0,0,0,0,1,2,1,2,2,0,1
SRR6996670,2,2,1,2,2,2,2,0,2,0,0,2,0,2,2,2,2,0,2,2,2,0,1,1,0,2,2,0,0,2,2,2,0,0,0,2,0,0,0,1,2,1,0,1,2,0,1,1,1,2,0,2,2,2,2,2,1,1,1,0,1,1,0,2,0,0,0,0,1,0,2,0,0,2,0,2,2,2,1,2,0,2,0,2,0,1,0,0,0,0,0,1,0,0,2,0,0,0,0,0,0,0,0,2,2,0,2,0,0,2,2,2,2,0,2,2,1,2,0,0,0,0,0,0,1,0,0,0,1,0,0,0,0,2,0,0
SRR6996675,2,2,0,2,2,2,2,1,1,1,1,2,0,2,2,2,2,2,2,2,2,0,0,1,0,2,2,0,0,2,2,2,1,0,0,2,0,0,0,0,2,0,0,0,2,0,0,2,1,2,0,2,2,2,2,2,0,0,0,0,0,2,0,2,0,0,0,0,1,0,0,0,2,0,1,2,2,0,2,2,0,2,0,2,0,0,1,0,0,1,0,2,0,0,2,1,0,0,0,1,1,0,0,2,2,0,2,1,1,2,2,2,0,1,2,2,0,2,0,0,0,0,0,0,0,0,0,0,0,0,0,1,1,2,0,1
SRR6996763,2,2,0,2,2,2,2,0,0,0,1,2,0,2,2,2,2,0,2,2,2,0,0,1,0,2,2,0,0,2,2,2,2,0,0,2,0,0,0,1,2,2,0,1,2,0,1,1,1,2,0,2,2,2,2,2,0,0,0,0,0,2,0,2,0,0,0,0,1,0,2,0,0,2,2,2,2,0,0,2,0,1,0,1,0,1,1,0,0,1,0,1,0,0,2,1,0,0,0,0,0,0,0,2,2,0,2,0,0,2,2,2,1,0,2,2,0,2,0,2,0,2,2,0,2,0,0,0,2,0,0,0,0,2,1,0
SRR6996665,2,2,0,2,2,2,2,1,0,0,0,2,0,2,2,2,2,0,2,2,2,1,0,1,0,2,2,0,0,2,2,2,2,0,0,2,0,0,0,2,2,0,0,1,2,0,0,1,0,2,0,2,2,2,2,2,1,1,1,0,1,1,0,2,0,0,0,0,1,0,1,0,1,1,2,2,2,2,1,2,1,1,0,1,0,0,0,0,0,0,0,2,0,0,2,0,0,0,0,0,0,0,0,2,1,0,2,1,1,2,2,2,0,1,2,2,0,2,0,0,0,0,0,0,0,0,0,0,0,0,0,0,0,2,1,0
SRR6996679,2,2,0,2,2,2,2,0,0,1,0,2,0,2,2,1,2,1,2,2,2,0,0,1,0,2,2,0,0,2,2,2,2,0,0,2,1,0,0,0,2,0,0,2,2,0,1,1,0,2,0,2,2,2,2,2,0,0,0,0,1,1,0,2,0,0,0,0,1,0,0,0,0,0,2,2,2,0,0,2,0,1,1,1,0,1,1,0,0,1,0,1,0,0,2,0,0,0,0,0,0,1,0,2,2,0,2,1,1,2,2,2,2,0,2,2,1,2,0,1,0,1,1,0,1,0,0,0,1,1,0,0,1,2,0,1
SRR6996700,2,2,0,2,2,2,2,0,0,0,0,1,0,2,2,1,2,0,2,2,2,1,0,2,0,2,2,0,0,2,2,2,1,0,0,2,0,0,0,1,2,2,0,1,2,0,1,1,0,2,0,2,2,2,2,2,0,0,0,0,0,1,0,2,0,0,0,0,1,0,0,0,2,0,1,2,2,0,1,2,0,2,0,2,0,1,1,0,0,1,0,1,0,0,2,1,0,0,0,0,0,0,0,2,2,0,2,1,1,2,2,2,0,1,2,2,0,2,0,1,0,1,1,0,1,0,0,0,1,1,0,1,1,2,1,0
SRR6996734,2,2,0,2,2,2,2,0,0,0,0,2,0,2,2,2,2,1,2,2,2,0,0,0,0,2,2,0,0,2,2,2,2,0,0,2,0,0,0,1,2,0,0,1,2,0,0,2,1,2,0,2,2,2,2,2,1,1,0,0,0,2,0,2,0,0,0,0,1,0,1,0,1,1,1,2,2,2,0,2,0,1,0,1,0,1,1,0,0,1,0,1,0,0,2,0,0,0,0,0,0,0,0,2,2,0,2,0,0,2,2,2,0,1,2,2,0,2,0,0,0,0,0,0,0,0,0,0,0,2,1,1,2,2,1,0
SRR6996775,2,2,0,2,2,2,2,0,1,0,0,2,0,2,2,2,2,0,2,2,2,0,0,1,0,2,2,1,0,2,2,2,0,0,0,2,0,0,0,1,2,1,0,1,2,1,1,2,0,2,0,2,2,2,2,2,0,0,0,0,0,0,0,2,1,0,0,0,1,0,1,0,1,1,2,2,2,2,0,2,0,2,0,2,0,1,1,0,0,0,0,2,0,0,2,1,0,0,0,0,0,0,0,1,1,0,2,1,1,2,2,2,0,1,2,2,0,2,0,1,0,1,1,0,1,0,0,0,1,0,0,1,1,2,1,0
SRR6996668,2,2,0,2,2,2,2,1,1,0,0,1,0,2,2,2,2,1,2,2,2,0,0,1,0,2,2,0,0,2,2,2,0,0,0,1,0,0,0,0,2,1,0,1,2,0,0,2,0,2,0,2,2,2,2,2,0,0,0,0,0,1,0,2,0,0,0,0,1,0,0,0,2,0,1,2,2,2,1,2,1,1,0,1,0,2,1,0,0,0,0,1,0,0,2,0,0,0,0,0,0,0,0,1,1,0,2,1,1,2,2,2,0,1,2,2,1,2,0,1,0,1,1,0,1,0,0,0,1,0,0,0,1,2,0,0
SRR6996756,2,2,0,2,2,2,2,0,1,0,0,1,1,2,2,2,2,1,2,2,2,0,0,0,0,2,2,1,0,2,2,2,2,1,0,2,0,0,0,1,2,0,0,0,2,0,2,1,0,2,0,2,2,2,2,2,0,0,0,0,0,1,0,2,0,0,0,1,1,0,2,0,0,2,1,2,2,0,1,2,0,1,0,1,0,0,0,1,0,0,1,1,1,0,2,1,0,0,0,1,1,0,0,1,1,0,2,0,0,2,2,2,2,0,2,2,1,2,0,1,0,1,1,0,1,0,0,0,2,0,0,1,1,2,1,0
SRR6996786,2,2,0,2,2,2,2,0,1,0,0,2,0,0,0,0,0,0,0,0,0,0,0,0,0,2,2,0,0,2,2,2,2,0,1,1,0,0,2,2,2,2,0,1,2,0,1,1,0,2,0,2,2,2,2,2,0,0,0,0,0,2,0,2,0,0,0,1,0,0,1,0,1,1,0,2,2,0,0,2,0,2,0,2,0,1,1,0,0,0,0,0,0,0,2,1,0,0,0,0,0,0,0,2,0,0,2,1,1,2,2,2,0,1,2,2,0,2,0,0,0,0,0,0,0,0,0,0,0,2,0,1,2,2,0,0
SRR6996777,2,2,0,2,2,2,2,1,2,0,0,2,0,2,2,2,2,0,2,2,2,0,0,1,1,2,2,0,0,2,2,2,1,0,0,1,0,0,0,0,2,1,0,1,2,0,0,2,1,2,0,2,2,2,2,2,2,2,1,1,0,2,0,2,0,0,0,0,1,0,0,0,0,0,0,2,2,1,0,2,0,2,0,2,0,0,0,0,0,0,0,2,2,0,2,1,0,0,0,1,1,0,0,2,2,0,2,0,0,2,2,2,1,0,2,2,0,2,0,0,0,0,0,0,0,0,0,0,0,0,0,0,0,2,1,1
SRR6996716,2,2,1,2,2,2,2,0,1,0,1,2,0,2,2,2,2,1,2,2,2,0,0,1,0,2,2,0,0,2,2,2,1,0,0,2,0,0,0,0,2,1,0,1,2,0,1,0,2,2,0,2,2,2,2,2,0,2,2,0,0,0,0,2,0,0,0,0,1,0,0,0,2,0,1,2,2,1,1,2,0,1,0,1,0,0,0,1,0,0,1,1,0,0,2,1,0,0,0,0,0,0,0,1,1,1,2,1,1,2,2,2,0,1,2,2,0,2,0,1,0,1,1,0,1,0,0,0,1,2,0,1,2,2,0,0
SRR6996712,2,2,0,2,2,2,2,0,1,0,0,2,0,2,2,2,2,1,2,2,2,0,0,0,1,2,2,0,0,2,2,2,1,0,0,2,1,0,2,2,2,0,0,1,2,0,1,1,0,2,0,2,2,2,2,2,0,0,0,0,1,1,0,2,0,0,0,0,1,0,0,0,2,0,0,2,2,1,1,2,0,2,0,2,0,0,2,0,0,2,0,1,0,0,2,2,0,0,0,0,0,0,0,1,1,0,2,1,1,2,2,2,1,0,2,2,0,2,0,0,0,0,0,0,0,0,0,0,0,0,0,0,0,2,1,0
SRR6996759,2,2,0,2,2,2,2,1,2,0,0,2,0,2,2,2,2,0,2,2,2,0,0,1,0,2,2,0,0,2,2,2,1,0,0,2,0,0,0,1,2,1,0,2,2,0,2,2,0,2,0,2,2,2,2,2,0,0,0,0,1,1,0,2,0,0,0,0,0,0,1,0,0,1,0,2,2,0,1,2,0,2,0,2,0,1,1,0,0,0,0,2,0,0,2,1,0,0,0,1,1,0,0,2,2,0,2,1,1,2,2,2,0,0,2,2,0,2,0,1,0,1,1,0,0,0,0,0,0,0,0,0,0,2,0,0
SRR6996708,2,2,1,2,2,2,2,0,1,1,1,2,0,2,2,2,2,0,2,2,2,0,0,1,0,2,2,0,0,2,2,2,1,0,0,2,1,0,0,1,2,2,0,2,2,0,1,2,0,2,0,2,2,2,2,2,0,0,0,0,0,2,0,2,0,0,0,0,2,0,0,0,2,0,0,2,2,1,1,2,0,2,0,2,0,0,2,0,0,1,0,1,0,0,2,0,0,0,0,0,0,0,0,1,1,0,2,0,0,2,2,2,0,1,2,2,0,2,0,0,0,0,0,0,0,1,0,0,1,1,2,1,2,2,0,1
SRR6996760,2,2,0,2,2,2,2,0,1,0,0,2,0,2,2,2,2,1,2,2,2,0,0,0,1,2,2,0,0,2,2,2,1,0,0,2,1,0,0,0,2,0,0,2,2,0,2,1,0,2,0,2,2,2,2,2,1,1,1,0,1,1,0,2,0,1,0,0,1,0,1,0,1,1,1,2,2,1,0,2,0,2,0,2,0,1,0,0,0,0,0,1,0,0,2,1,0,0,0,0,0,0,1,2,1,0,2,2,2,2,2,2,1,0,2,2,0,2,0,0,0,0,0,0,0,0,0,0,0,1,0,1,1,2,1,0
SRR6996723,2,2,0,2,2,2,2,0,2,0,0,1,0,2,2,2,2,1,2,2,2,0,0,1,0,2,2,0,0,2,2,2,1,0,0,2,1,0,0,1,2,1,0,0,2,0,1,1,0,2,0,2,2,2,2,2,0,0,0,0,1,2,0,2,0,0,0,0,1,0,0,0,0,0,1,2,2,0,1,2,0,2,0,2,0,1,0,0,0,0,0,2,0,0,2,2,0,0,0,2,2,0,0,2,2,0,2,1,1,2,2,2,0,2,2,2,1,2,0,0,0,0,0,0,0,0,0,0,0,0,0,1,1,2,0,1
SRR6996798,2,2,0,2,2,2,2,1,2,1,2,1,0,2,2,2,2,1,2,2,2,0,0,1,0,2,2,0,0,2,2,2,2,0,0,2,0,2,1,1,2,0,0,2,2,0,2,1,0,2,0,2,2,2,2,2,1,1,0,0,0,1,0,2,0,0,0,0,1,0,1,0,1,1,1,2,2,0,1,2,0,2,0,2,0,0,2,0,0,1,0,1,0,0,2,1,0,0,0,0,0,0,0,2,2,0,2,1,1,2,2,2,0,2,2,2,0,2,0,0,0,0,0,0,0,0,0,0,0,1,1,1,1,2,0,1
SRR6996741,2,2,0,2,2,2,2,0,1,1,1,1,0,2,2,2,2,0,2,2,2,0,0,1,1,2,2,0,0,2,2,2,2,0,0,2,0,0,0,1,2,1,0,1,2,0,1,2,1,2,0,2,2,2,2,2,0,0,0,0,2,2,0,2,0,1,0,0,0,0,1,0,0,1,1,2,2,1,1,2,0,1,0,1,0,1,1,0,0,0,0,1,0,0,2,1,0,0,0,1,1,0,0,2,2,0,2,0,0,2,2,2,1,1,2,2,0,2,0,1,0,1,1,0,1,0,0,0,1,0,0,0,0,2,0,0
SRR6996776,2,2,0,2,2,2,2,0,1,0,0,0,0,2,2,2,2,1,2,2,2,0,0,1,0,2,2,0,0,2,2,2,2,0,0,2,0,0,2,2,2,0,0,1,2,1,1,2,0,2,0,2,2,2,2,2,1,1,1,0,0,1,0,2,1,0,0,0,1,0,0,0,1,0,1,2,2,1,1,2,0,1,0,1,0,0,2,0,0,1,0,2,1,0,2,0,0,0,0,1,1,0,0,1,1,0,2,0,0,2,2,2,2,0,2,2,0,2,0,0,0,0,0,0,0,0,0,0,0,2,1,1,2,2,1,0
SRR6996753,2,2,0,2,2,2,2,0,2,0,0,1,0,2,2,2,2,0,2,2,2,0,0,1,1,2,2,0,0,2,2,2,1,0,0,2,0,0,1,1,2,1,0,0,2,0,1,0,0,2,0,2,2,2,2,2,1,1,1,1,0,1,0,2,0,0,0,0,1,0,1,0,0,1,0,2,2,2,1,2,1,2,0,2,0,0,1,0,0,1,0,1,1,2,2,0,0,0,0,1,1,0,0,2,2,0,2,1,1,2,2,2,2,0,2,2,0,2,0,0,0,0,0,0,0,0,0,0,0,0,0,0,0,2,1,0
SRR6996703,2,2,0,2,2,2,2,1,2,0,0,2,0,2,2,2,2,1,2,2,2,0,0,1,0,2,2,0,0,2,2,2,1,0,0,2,1,0,0,2,2,1,0,2,2,0,0,2,1,2,0,2,2,2,2,2,2,2,2,0,0,0,0,2,0,1,0,0,0,0,1,0,1,1,0,2,2,0,0,2,0,2,0,2,0,1,0,0,0,0,0,1,0,0,2,1,0,0,0,0,0,0,0,1,1,0,2,1,1,2,2,2,0,0,2,2,1,2,0,0,0,0,0,0,0,0,0,0,0,1,0,1,1,2,1,1
SRR6996720,2,2,0,2,2,2,2,0,1,1,2,1,0,2,2,2,2,2,2,2,2,0,0,1,0,2,2,0,0,2,2,2,1,0,0,1,1,0,0,2,2,1,0,0,2,0,0,2,0,2,0,2,2,2,2,2,0,0,0,0,0,1,0,2,0,0,1,0,0,0,0,0,1,0,0,2,2,0,1,2,0,1,0,1,0,1,0,0,0,0,0,2,0,0,2,1,0,0,0,0,0,0,0,2,2,0,2,0,0,2,2,2,1,0,2,2,1,2,0,0,0,0,0,0,0,0,0,0,0,1,0,1,1,2,0,0
SRR6996752,2,2,0,2,2,2,2,0,1,0,0,2,0,2,2,2,2,1,2,2,2,0,0,1,0,2,2,0,1,2,2,2,1,0,0,2,2,0,0,2,2,1,0,1,2,0,0,2,0,2,0,2,2,2,2,2,0,0,0,0,0,2,0,2,1,0,0,0,1,0,1,0,1,1,0,2,2,0,0,2,0,1,0,1,0,1,0,0,0,0,0,2,0,0,2,0,0,0,0,0,0,0,0,2,1,0,2,0,0,2,2,2,1,0,2,2,0,2,0,0,0,0,0,0,0,0,0,0,0,1,0,0,0,2,1,0
SRR6996710,2,2,2,2,2,2,2,0,1,0,0,2,0,2,2,2,2,1,2,2,2,0,0,1,0,2,2,0,0,2,2,2,1,0,0,2,0,0,0,1,2,1,0,2,2,0,0,2,0,2,0,2,2,2,2,2,1,1,1,0,1,2,0,2,0,0,0,0,1,0,1,0,1,1,1,2,2,0,2,2,0,2,0,2,0,0,0,0,0,0,0,2,0,0,2,1,0,0,0,0,0,0,0,2,1,0,2,0,0,2,2,2,0,1,2,2,0,2,0,1,0,1,1,0,1,0,0,0,1,1,0,0,0,2,1,0
SRR6996750,2,2,0,2,2,2,2,0,1,0,0,2,0,2,2,2,2,1,2,2,2,0,0,1,0,2,2,0,0,2,2,2,1,0,0,1,0,0,1,2,2,2,0,2,2,0,1,1,2,2,0,2,2,2,2,2,0,0,0,0,0,2,0,2,0,0,0,0,2,0,1,0,1,1,2,2,2,0,0,2,0,1,1,1,0,1,1,0,0,0,0,1,1,0,2,0,0,0,0,0,0,0,0,1,1,0,2,1,1,2,2,2,0,2,2,2,0,2,0,0,0,0,0,0,0,0,0,0,0,1,0,1,1,2,1,0
SRR6996781,2,2,0,2,2,2,2,1,2,1,1,0,0,2,2,2,2,1,2,2,2,0,0,0,2,2,2,0,0,2,2,2,2,0,0,2,1,0,0,0,2,1,0,2,2,0,2,0,1,2,0,2,2,2,2,2,0,0,0,0,0,2,0,2,0,0,0,0,1,0,0,0,1,0,1,2,2,0,1,2,0,0,1,0,0,0,2,0,1,1,0,2,0,0,2,2,0,0,0,0,0,0,0,1,1,0,2,1,1,2,2,2,0,1,2,2,0,2,0,1,0,1,1,0,1,0,0,0,1,2,0,1,2,2,1,1
SRR6996785,2,2,0,2,2,2,2,0,1,0,0,2,0,2,2,2,2,1,2,2,2,0,0,1,0,2,2,0,0,2,2,2,2,0,0,2,0,0,0,0,2,1,0,1,2,0,1,2,0,2,0,2,2,2,2,2,0,0,0,0,0,2,0,2,0,0,0,0,1,0,0,0,1,0,1,2,2,0,1,2,0,2,0,2,0,0,0,0,0,0,0,1,0,0,2,0,0,1,1,1,1,0,0,2,2,0,2,0,0,2,2,2,0,1,2,2,1,2,0,0,0,0,0,0,0,0,0,0,0,1,0,0,0,2,0,0
SRR6996719,2,2,0,2,2,2,2,0,2,0,0,2,0,2,2,2,2,1,2,2,2,0,0,1,1,2,2,0,0,2,2,2,2,0,0,2,1,0,0,1,2,1,0,1,2,0,0,1,0,2,0,2,2,2,2,2,0,0,0,0,1,2,0,2,1,0,1,0,1,0,2,0,0,2,1,2,2,0,0,2,0,1,0,1,0,0,1,0,0,0,0,2,0,0,2,1,0,0,0,0,0,0,0,1,1,0,2,0,0,2,2,2,0,1,2,2,0,2,1,0,1,0,1,0,0,0,0,1,0,0,0,1,1,2,1,0
SRR6996737,2,2,0,2,2,2,2,0,0,0,0,2,0,2,2,2,2,1,2,2,2,0,0,0,1,2,2,0,0,2,2,2,0,0,0,2,0,0,0,1,2,2,0,1,2,0,0,2,0,2,0,2,2,2,2,2,0,0,0,0,0,1,0,2,0,0,0,0,1,0,0,0,1,0,2,2,2,1,0,2,1,1,0,1,0,0,1,0,0,0,0,1,0,0,2,0,0,0,0,1,1,0,0,2,1,0,2,0,0,2,2,2,2,0,2,2,0,2,0,1,0,1,1,0,1,1,0,0,2,1,0,1,1,2,0,1
SRR6996694,2,2,0,2,2,2,2,0,1,0,0,1,0,2,2,2,2,1,2,2,2,0,0,1,0,2,2,0,0,2,2,2,1,0,0,2,0,0,0,0,2,1,0,1,2,0,1,2,0,2,0,2,2,2,2,2,0,0,0,0,0,1,0,2,0,0,0,0,0,0,0,0,0,0,1,2,2,1,0,2,0,2,0,2,0,0,0,0,0,0,0,2,1,2,2,1,0,0,0,1,1,0,0,2,1,0,2,0,0,2,2,2,0,0,2,2,0,2,0,0,0,0,0,0,0,0,0,0,0,0,0,0,0,2,0,0
SRR6996795,2,2,0,2,2,2,2,0,1,0,0,2,0,2,2,2,2,0,2,2,2,0,0,0,1,2,2,0,0,2,2,2,2,0,0,2,1,2,0,0,2,1,0,2,2,0,2,2,0,2,0,2,2,2,2,2,0,0,0,0,1,2,0,2,0,0,0,1,2,0,1,0,1,1,1,2,2,0,0,2,1,1,0,1,0,0,0,0,0,0,0,0,0,0,2,1,0,0,0,0,0,0,0,1,1,1,2,0,0,2,2,2,1,1,2,2,1,2,0,0,0,0,0,0,0,0,0,0,0,0,0,0,0,2,0,1
SRR6996721,2,2,0,2,2,2,2,0,1,1,1,1,0,2,2,2,2,1,2,2,2,0,0,2,0,2,2,0,0,2,2,2,1,0,0,2,0,0,0,1,2,1,0,2,2,1,1,1,1,2,0,2,2,2,2,2,1,1,1,0,0,0,0,2,0,0,0,0,1,0,1,0,0,1,1,2,2,1,0,2,0,1,0,1,0,1,1,0,0,0,0,1,1,0,2,0,0,0,0,1,1,0,0,2,2,0,2,0,0,2,2,2,1,1,2,2,0,2,0,0,0,0,0,0,0,0,0,0,0,0,0,0,0,2,0,1
SRR6996725,2,2,0,2,2,2,2,0,2,0,1,2,1,2,2,2,2,1,2,2,2,0,0,0,2,2,2,0,0,2,2,2,2,0,0,1,1,0,0,2,2,1,0,2,2,0,0,2,0,2,0,2,2,2,2,2,0,0,0,0,0,2,0,2,0,0,0,0,0,0,0,0,0,0,1,2,2,0,0,2,0,1,0,1,0,1,1,0,0,0,0,1,0,0,2,1,0,0,0,0,0,0,0,2,2,0,2,1,1,2,2,2,1,1,2,2,0,2,0,1,0,1,1,0,1,0,0,0,1,0,0,0,0,2,0,1
SRR6996793,2,2,0,2,2,2,2,1,1,0,1,2,0,2,2,2,2,0,2,2,2,0,0,1,0,2,2,0,0,2,2,2,1,0,0,2,1,2,0,2,2,1,0,1,2,0,1,1,0,2,0,2,2,2,2,2,0,0,0,0,1,2,0,2,0,0,0,0,1,0,0,0,1,0,1,2,2,0,1,2,0,0,0,0,0,0,0,0,0,0,0,1,0,0,2,0,0,0,0,0,0,0,0,2,2,1,2,1,1,2,2,2,0,1,2,2,0,2,0,1,0,1,1,0,0,0,0,0,0,0,0,0,0,2,0,0
SRR6996699,2,2,0,2,2,2,2,0,1,0,0,2,0,2,2,1,2,0,2,2,2,0,0,1,1,2,2,0,0,2,2,2,2,0,1,2,1,0,0,1,2,2,0,1,2,0,1,2,1,2,0,2,2,2,2,2,0,0,0,1,1,1,0,2,0,0,0,0,0,0,0,0,0,0,1,2,2,1,1,2,0,1,0,1,0,1,0,0,0,0,0,2,1,0,2,0,0,0,0,0,0,0,0,2,2,0,2,0,0,2,2,2,0,0,2,2,2,2,0,0,0,0,0,0,0,0,0,0,0,0,0,0,0,2,0,0
SRR6996691,2,2,0,2,2,2,2,0,1,0,0,2,0,2,2,2,2,0,2,2,2,0,0,1,0,2,2,0,0,2,2,2,1,0,0,2,1,0,1,2,2,1,0,1,2,0,1,1,0,2,0,2,2,2,2,2,0,0,0,0,0,0,0,2,0,0,0,0,0,0,0,0,1,0,1,2,2,0,1,2,0,1,0,1,0,1,1,0,0,1,0,2,1,2,2,0,0,0,0,0,0,0,0,0,0,0,2,1,1,2,2,2,0,2,2,2,1,2,0,1,0,1,1,0,1,0,0,0,1,0,1,1,1,2,0,0
SRR6996769,2,2,0,2,2,2,2,0,1,0,0,2,0,2,2,2,2,1,2,2,2,0,0,1,0,2,2,1,0,2,2,2,2,0,0,2,1,0,1,1,2,2,0,1,2,0,1,1,0,2,0,2,2,2,2,2,0,0,0,0,0,2,0,2,0,0,0,0,0,0,1,0,0,1,0,2,2,1,0,2,0,1,0,1,0,1,1,1,0,0,1,1,1,0,2,0,0,0,0,0,0,0,0,2,2,0,2,1,1,2,2,2,1,1,2,2,0,2,0,0,0,0,0,0,0,0,0,0,0,1,1,1,2,2,1,1
SRR6996791,2,2,0,2,2,2,2,0,1,1,1,2,0,2,2,2,2,1,2,2,2,0,0,0,0,2,2,0,0,2,2,2,1,0,0,2,0,2,0,0,2,1,0,2,2,0,2,2,1,2,0,2,2,2,2,2,0,0,0,0,0,1,0,2,0,0,0,0,0,0,0,0,0,0,1,2,2,0,0,2,0,2,0,2,0,2,1,0,0,0,0,2,0,0,2,0,0,0,0,0,0,0,0,1,1,0,2,1,1,2,2,2,1,1,2,2,1,2,0,0,0,0,0,0,0,0,0,0,0,1,0,0,1,2,0,1
SRR6996663,2,2,0,2,2,2,2,0,0,0,1,1,0,2,2,2,2,1,2,2,2,0,0,0,0,2,2,0,0,2,2,2,1,0,0,1,1,0,0,2,2,1,0,1,2,0,1,1,0,2,0,2,2,2,2,2,0,0,0,0,1,2,0,2,0,0,0,0,1,0,1,0,0,1,2,2,2,0,0,2,1,1,0,1,0,2,1,0,0,0,0,1,0,0,2,0,0,0,0,0,0,0,0,1,1,0,2,0,0,2,2,2,0,0,2,2,0,2,0,1,0,1,1,0,1,0,0,0,1,1,1,1,1,2,0,0
SRR6996714,2,2,0,2,2,2,2,0,1,1,1,2,0,2,2,2,2,2,2,2,2,0,0,1,0,2,2,0,0,2,2,2,1,1,0,2,1,0,0,1,2,0,0,1,2,1,2,2,1,2,0,2,2,2,2,2,1,1,2,0,0,1,0,2,0,0,0,0,1,0,0,0,1,0,1,2,2,1,0,2,0,0,0,0,0,0,0,0,0,0,0,1,0,0,2,0,0,0,0,0,0,0,0,2,2,0,2,0,0,2,2,2,1,1,2,2,1,2,0,0,0,0,0,0,0,0,0,0,0,2,1,1,2,2,1,0
SRR6996683,2,2,0,2,2,2,2,0,1,0,0,2,0,2,2,2,2,1,2,2,2,0,0,1,1,2,2,0,0,2,2,2,1,0,0,2,0,0,0,1,2,2,0,1,2,0,2,2,1,2,0,2,2,2,2,2,0,0,0,0,0,1,0,2,0,0,0,0,0,0,0,0,2,0,0,2,2,0,0,2,0,2,0,2,0,0,2,0,0,0,0,0,1,1,2,0,0,0,0,0,0,0,0,2,1,0,2,1,1,2,2,2,0,0,2,2,1,2,0,0,0,0,0,0,0,0,0,0,0,1,0,1,1,2,0,0
SRR6996664,2,2,0,2,2,2,2,0,2,1,1,2,0,2,2,2,2,0,2,2,2,0,0,1,0,2,2,0,0,2,2,2,2,0,0,1,0,0,1,1,2,1,0,0,2,0,2,1,2,2,0,2,2,2,2,2,0,0,1,0,0,1,0,2,1,0,0,0,1,0,2,0,0,2,1,2,2,1,0,2,0,2,0,2,0,1,1,0,0,1,0,2,1,0,2,1,0,0,0,0,0,0,0,1,1,0,2,1,1,2,2,2,1,1,2,2,1,2,0,0,0,0,0,0,0,0,0,0,0,0,0,0,0,2,1,0
SRR6996685,2,2,0,2,2,2,2,0,1,0,0,2,0,2,2,2,2,0,2,2,2,0,0,1,0,2,2,0,0,2,2,2,1,0,0,1,0,0,1,1,2,1,0,1,2,0,1,1,0,2,0,2,2,2,2,2,0,0,0,0,0,2,0,2,0,0,0,0,1,0,1,0,1,1,2,2,2,1,0,2,0,1,0,1,0,2,1,0,0,0,0,2,1,0,2,0,0,0,0,1,1,0,0,2,1,0,2,1,1,2,2,2,1,0,2,2,0,2,0,0,0,0,0,0,0,0,0,0,0,2,2,1,2,2,0,0
SRR6996765,2,2,0,2,2,2,2,1,1,1,1,2,0,2,2,2,2,1,2,2,2,0,0,1,0,2,2,0,0,2,2,2,2,0,0,2,1,0,2,2,2,0,0,2,2,0,1,1,0,2,0,2,2,2,2,2,0,0,0,0,0,0,0,2,0,0,0,0,1,0,0,0,1,0,1,2,2,1,0,2,0,1,1,1,0,0,0,0,0,0,0,0,0,0,2,0,0,0,0,0,0,0,0,1,1,0,2,1,1,2,2,2,0,1,2,2,0,2,0,1,0,1,1,0,1,0,0,0,0,1,0,0,1,2,1,1
SRR6996761,2,2,0,2,2,2,2,0,1,0,0,2,0,2,2,2,2,1,2,2,2,0,0,1,0,2,2,0,0,2,2,2,2,0,0,2,0,0,0,1,2,1,0,0,2,0,0,2,1,2,0,2,2,2,2,2,0,0,1,0,0,1,0,2,0,0,0,0,0,0,0,0,1,0,0,2,2,1,1,2,0,2,0,2,0,0,1,0,0,1,0,1,0,0,2,1,0,0,0,0,0,0,0,0,0,0,2,1,1,2,2,2,1,1,2,2,0,2,0,0,0,0,0,0,0,0,0,0,0,0,0,0,1,2,1,0
SRR6996778,2,2,0,2,2,2,2,0,1,1,0,1,0,2,2,2,2,1,2,2,2,0,0,1,0,2,2,0,0,2,2,2,1,0,0,2,1,0,0,1,2,1,0,2,2,0,1,0,0,2,0,2,2,2,2,2,0,0,0,1,0,2,0,2,0,0,0,0,0,0,1,0,0,1,0,2,2,0,1,2,0,2,0,2,0,1,1,0,0,0,0,0,0,0,2,0,0,0,0,0,0,0,0,1,1,0,2,2,2,2,2,2,0,1,2,2,1,2,0,0,0,0,0,0,1,0,0,0,1,0,0,0,0,2,2,0
SRR6996749,2,2,0,2,2,2,2,0,2,0,0,2,0,2,2,2,2,0,2,2,2,0,0,0,0,2,2,0,0,2,2,2,1,0,0,2,1,0,0,1,2,0,0,1,2,1,1,2,0,2,0,2,2,2,2,2,1,1,1,0,1,1,0,2,0,0,0,0,0,0,0,0,1,0,2,2,2,2,1,2,0,0,1,0,0,0,1,0,0,0,0,1,0,0,2,1,0,0,0,0,0,0,0,0,0,0,2,1,1,2,2,2,1,1,2,2,0,2,0,0,0,0,0,0,0,0,0,0,0,0,0,0,0,2,1,0
SRR6996736,2,2,0,2,2,2,2,0,0,0,0,2,0,2,2,2,2,2,2,2,2,0,0,0,0,2,2,0,0,2,2,2,1,0,0,2,0,0,0,1,2,1,0,1,2,1,0,1,0,2,0,2,2,2,2,2,1,1,1,0,1,1,0,2,0,0,0,0,0,0,0,0,2,0,0,2,2,1,1,2,0,1,0,1,0,1,0,0,0,0,0,2,0,0,2,1,0,0,0,0,0,0,0,2,2,0,2,0,0,2,2,2,0,0,2,2,2,2,0,0,0,0,0,1,0,0,1,0,0,1,1,1,1,2,0,0
SRR6996783,2,2,0,2,2,2,2,0,1,0,0,1,0,2,2,2,2,1,2,2,2,0,0,0,0,2,2,0,0,2,2,2,2,0,0,2,0,0,0,1,2,2,0,1,2,0,1,2,0,2,0,2,2,2,2,2,0,0,0,0,0,1,0,2,0,0,0,0,0,0,2,0,0,2,2,2,2,0,1,2,0,0,0,0,0,1,0,1,0,0,1,1,0,0,2,1,0,0,0,0,0,0,0,1,0,0,2,0,0,2,2,2,1,0,2,2,1,2,0,0,0,0,0,0,0,0,0,0,0,1,0,0,1,2,0,0
"SRR6996800
",2,2,0,2,2,2,2,0,2,1,1,2,0,2,2,2,2,1,2,2,2,0,0,1,1,2,2,0,0,2,2,2,2,0,0,2,1,2,1,1,2,1,0,2,2,0,1,2,1,2,0,0,2,2,2,2,0,0,0,0,0,2,0,2,0,0,0,0,2,0,0,0,0,0,0,2,2,1,0,2,1,2,0,2,0,0,2,0,1,2,0,1,0,0,2,1,0,0,0,1,1,0,0,2,1,0,2,0,0,2,2,2,1,1,2,2,0,2,0,0,0,0,0,0,0,0,0,0,0,0,0,0,0,2,2,1
SRR6996682,2,2,1,2,2,2,2,0,2,0,0,1,0,2,2,2,2,1,2,2,2,0,0,1,0,2,2,0,0,2,2,2,1,0,0,2,0,0,1,1,2,1,0,0,2,1,2,1,0,2,0,2,2,2,2,2,0,0,0,0,1,1,0,2,0,0,0,0,1,0,0,0,1,0,0,2,2,1,0,2,0,2,0,2,0,0,0,0,0,0,0,1,0,0,2,1,0,0,0,0,0,0,0,2,2,0,2,0,0,2,2,2,0,0,2,2,1,2,0,0,0,0,0,0,0,0,0,0,0,1,0,0,0,2,0,0
SRR6996733,2,2,0,2,2,2,2,0,2,0,0,1,0,2,2,2,2,1,2,2,2,0,0,1,1,2,2,0,0,2,2,2,2,1,0,1,0,0,0,1,2,1,0,1,2,1,2,2,1,2,0,2,2,2,2,2,0,0,0,0,2,0,0,2,0,0,0,0,0,0,0,0,0,0,0,2,2,0,1,2,2,0,0,0,0,0,0,0,0,0,0,1,0,0,2,0,0,0,0,0,0,0,0,2,1,0,2,1,1,2,2,2,0,1,2,2,1,2,0,0,0,0,0,0,0,0,0,0,0,0,0,1,1,2,0,0
SRR6996768,2,2,2,2,2,2,2,0,1,0,0,2,0,2,2,2,2,1,2,2,2,0,0,2,0,2,2,0,1,2,2,2,0,0,0,2,0,0,0,1,2,2,0,2,2,0,1,2,0,2,0,2,2,2,2,2,1,1,1,1,1,2,0,2,0,0,0,0,1,0,0,0,0,0,0,2,2,0,1,2,0,0,1,0,0,0,2,0,0,0,0,1,1,0,2,0,0,0,0,0,0,0,0,1,1,1,2,0,0,2,2,2,0,1,2,2,1,2,1,0,1,0,1,0,0,0,0,1,0,0,0,0,0,2,0,1
SRR6996676,2,2,0,2,2,2,2,1,1,0,0,2,0,1,1,1,1,0,1,1,1,0,0,0,1,2,2,0,0,2,2,2,2,0,0,2,0,0,1,1,2,2,0,1,2,0,2,1,0,2,0,2,2,2,2,2,0,0,0,0,0,1,0,2,0,0,0,0,1,0,1,0,1,1,2,2,2,0,0,2,0,0,1,0,0,0,1,0,0,1,0,1,1,0,2,0,0,1,1,1,1,0,0,2,2,0,2,0,0,2,2,2,0,2,2,2,0,2,1,0,1,0,1,0,0,0,0,1,0,0,1,1,1,2,0,1
SRR6996754,2,2,0,2,2,2,2,0,2,2,1,2,0,2,2,2,2,1,2,2,2,0,0,2,0,2,2,0,0,2,2,2,2,0,0,2,1,0,0,1,2,2,0,0,2,0,0,0,0,2,0,2,2,2,2,2,1,1,1,0,0,2,0,2,0,0,0,0,0,0,0,0,2,0,2,2,2,0,0,2,0,1,1,1,0,1,2,0,0,0,0,1,0,0,2,1,0,0,0,0,0,0,0,2,2,0,2,2,2,2,2,2,0,1,2,2,0,2,0,0,0,0,0,0,0,0,0,0,0,2,0,1,2,2,0,1
SRR6996764,2,2,0,2,2,2,2,0,1,0,0,2,0,2,2,2,2,2,2,2,2,0,0,1,0,2,2,0,0,2,2,2,2,0,0,2,1,0,0,0,2,0,0,1,2,0,1,1,0,2,0,2,2,2,2,2,0,0,0,0,0,1,0,2,0,0,0,0,1,0,0,0,1,0,1,2,2,0,1,2,1,1,0,1,0,2,1,0,0,0,0,1,0,0,2,0,0,0,0,0,0,0,0,2,2,0,2,0,0,2,2,2,0,1,2,2,0,2,0,0,0,0,0,0,0,0,0,0,0,1,0,1,2,2,0,1
